TITLE,DESCRIPTION,PRICE,CURRENCY_CODE,QUANTITY,TAGS,MATERIALS,IMAGE1,IMAGE2,IMAGE3,IMAGE4,IMAGE5,IMAGE6,IMAGE7,IMAGE8,IMAGE9,IMAGE10,"VARIATION 1 TYPE","VARIATION 1 NAME","VARIATION 1 VALUES","VARIATION 2 TYPE","VARIATION 2 NAME","VARIATION 2 VALUES",SKU
"Real Life No Filters T Shirt, Minimalist Social Humor Statement Tee","Some things work better without filters.

This minimalist humour T shirt features a clean smartphone diagram marked with subtle cracks and the bold statement Real Life. No Filters. It is a dry, modern take on social media culture and real world interaction, designed to be worn rather than explained.

The graphic is intentionally simple and high contrast, making it easy to read from a distance and suitable for everyday wear. It works as a quiet conversation starter, a knowing joke, or a personal statement for anyone who prefers authenticity over polish.

Printed on the Gildan Softstyle 64000, this unisex tee offers a lightweight, soft feel with a modern fit that is comfortable all year round. The smooth finish and tear away label make it an easy go to piece rather than a novelty item.

Ideal for casual wear, nights out, festivals, or as a gift for someone who appreciates understated humour and clean design.

Product details

• Lightweight unisex T shirt with classic crew neckline
• Soft ring spun cotton for everyday comfort
• Smooth fit with no side seams
• Ribbed collar designed to hold its shape
• Pearlized tear away label for comfort
• Ethically sourced and Oeko Tex certified materials

Please note that the white colour variant may appear slightly off white due to fabric properties.

EU representative: HONSON VENTURES LIMITED, gpsr@honsonventures.com, 3, Gnaftis House flat 102, Limassol, Mesa Geitonia, 4003, CY
Product information: Gildan 64000, 2 year warranty in EU and Northern Ireland as per Directive 1999/44/EC
Warnings, Hazard: For adults, Made in Bangladesh
Care instructions: Machine wash: cold (max 30C or 90F), with similar colors , Do not bleach, Tumble dry: low heat, Iron, steam or dry: low heat, Do not dryclean",11.39,GBP,30969,"real_life_no_filters,funny_statement_tee,minimalist_humor,social_media_humor,modern_graphic_tee,conversation_starter,anti_filter_shirt,dry_humor_tee,unisex_funny_shirt,clean_design_tee,casual_humor,top_tongue_in_cheek,everyday_wear",,https://i.etsystatic.com/63847702/r/il/3af55a/7898395678/il_fullxfull.7898395678_t9z9.jpg,https://i.etsystatic.com/63847702/r/il/fbe848/7898396212/il_fullxfull.7898396212_ghp7.jpg,https://i.etsystatic.com/63847702/r/il/1c41f8/7946357171/il_fullxfull.7946357171_1m01.jpg,https://i.etsystatic.com/63847702/r/il/b446cc/7946357625/il_fullxfull.7946357625_gf1z.jpg,https://i.etsystatic.com/63847702/r/il/aece9b/7898397406/il_fullxfull.7898397406_mxti.jpg,https://i.etsystatic.com/63847702/r/il/1f7165/7946358361/il_fullxfull.7946358361_1mg4.jpg,https://i.etsystatic.com/63847702/r/il/5ea751/7946358717/il_fullxfull.7946358717_9jok.jpg,https://i.etsystatic.com/63847702/r/il/79bc46/7898398634/il_fullxfull.7898398634_nxr8.jpg,https://i.etsystatic.com/63847702/r/il/dd5656/7898398968/il_fullxfull.7898398968_lma0.jpg,,"Custom Property",Colors,"Navy,Red,Sport Grey,White,Dark Heather,Natural","Custom Property",Sizes,"S,M,L,XL,2XL,3XL","30252474277874726236,unavailable_sku,86566159319830408038,36555426845397270723,22047407096815151229,29589363864972363714,33660298433767752575,14495417574658844055,10131505961092720257,17043418999471235781,23222905750834401055,20545122278275070260,19215656144099928481,29588908357924545284,22829852159367687601,25655725193898767088,13540811627217251798,18139080210589023516,10929012418202548858,30763165298167245289,10348714440316696384,13440686316784536563,57138610802524490491,22424078954656627603,11818774341287050450,11070460611862303918,27767046881017662487,14373791597651376371,33449371615938698267,29317872011567809954,25957900214799150446,32492975420848975508"
"Legacy Hardware 11oz White Mug Funny Tech Humor Coffee Cup Retro Computer Joke Gift","Some hardware may be legacy. That does not mean it is obsolete.

This minimalist humour mug features a clean floppy disk design with the phrase Legacy Hardware, a dry, tongue in cheek nod to retro technology and gentle self depreciation. It is designed to be subtle rather than shouty, making it ideal for desks, home offices, workshops, and everyday use.

The design leans into old internet and early computing nostalgia without relying on loud graphics or obvious jokes. It works as a quiet conversation starter, a knowing gift, or simply a mug that makes its owner smile without needing explanation.

Made from brilliant white ceramic with a high quality ORCA coating, this mug is built for daily use and repeat refills. The smooth finish ensures crisp print clarity and long lasting durability.

A great gift for tech workers, engineers, IT professionals, office humour fans, or anyone who appreciates understated wit and retro design.

Product details

• White ceramic mug
• 11oz capacity
• Comfortable C handle
• AAA+ ORCA coating for vibrant, long lasting prints
• Microwave safe
• Dishwasher safe up to 3000 cycles

EU representative: HONSON VENTURES LIMITED, gpsr@honsonventures.com, 3, Gnaftis House flat 102, Limassol, Mesa Geitonia, 4003, CY
Product information: ORCA Coatings, 2 year warranty in EU and Northern Ireland as per Directive 1999/44/EC
Care instructions: Clean in dishwasher or wash by hand with warm water and dish soap",6.82,GBP,999,"legacy_hardware,tech_humor_mug,retro_computer,funny_office_mug,geek_gift,IT_humor,old_tech_dry_humor,mug_computer_joke,nerd_mug,office_coffee,retro_tech,dad_gift,husband_gift",,https://i.etsystatic.com/63847702/r/il/6e9d49/7570457498/il_fullxfull.7570457498_p1so.jpg,https://i.etsystatic.com/63847702/r/il/9a869c/7570463288/il_fullxfull.7570463288_7ls6.jpg,https://i.etsystatic.com/63847702/r/il/0560f4/7570461646/il_fullxfull.7570461646_lerr.jpg,https://i.etsystatic.com/63847702/r/il/3a70ef/7618412221/il_fullxfull.7618412221_j79d.jpg,https://i.etsystatic.com/63847702/r/il/b61b7e/7570458400/il_fullxfull.7570458400_2nz2.jpg,,,,,,,,,,,,27636112287676410396
"Im Not Procrastinating Im Prioritising Differently Hardcover Matte Journal | Funny Procrastinator Notebook | Office Humor Gift","Some people procrastinate. Others simply prioritise differently.

This humorous journal is designed for thinkers, overthinkers, and anyone who prefers to plan slowly and thoughtfully. Featuring the phrase “I’m not procrastinating, I’m prioritising differently” on the front cover, it sets the tone perfectly before a single word is written inside.

The back cover offers a short list of gentle, tongue in cheek reminders for dealing with procrastination without guilt or pressure. It does not promise productivity miracles. It simply gives you space to think, write, and come back to things when you are ready.

Ideal for desks, home offices, meetings, or quiet planning moments. This notebook also makes a great gift for coworkers, managers, students, creatives, and anyone who appreciates dry, self deprecating humour.

Use it for notes, ideas, lists, or thoughts you will absolutely come back to later.

Product details

• Softcover journal with clean minimalist design
• Ideal for work, study, or personal notes
• Humorous front and back cover text
• Suitable as a gift or everyday notebook

EU representative: HONSON VENTURES LIMITED, gpsr@honsonventures.com, 3, Gnaftis House flat 102, Limassol, Mesa Geitonia, 4003, CY
Product information: Generic brand, 2 year warranty in EU and Northern Ireland as per Directive 1999/44/EC
Care instructions: Use a soft, clean and dry cloth to gently brush any dust or dirt off from the center of book outwards.",19.36,GBP,999,"procrastination,funny_journal,office_humor,work_notebook,sarcastic_gift,coworker_gift,manager_gift,humor_notebook,desk_journal,funny_stationery,self_deprecating,thinking_journal,office_gift",,https://i.etsystatic.com/63847702/r/il/3d3767/7570161392/il_fullxfull.7570161392_30oe.jpg,https://i.etsystatic.com/63847702/r/il/057152/7618109629/il_fullxfull.7618109629_dria.jpg,https://i.etsystatic.com/63847702/r/il/81d066/7618110121/il_fullxfull.7618110121_rbn3.jpg,https://i.etsystatic.com/63847702/r/il/0aa006/7618110741/il_fullxfull.7618110741_hg69.jpg,https://i.etsystatic.com/63847702/r/il/806d45/7570164068/il_fullxfull.7570164068_63o9.jpg,https://i.etsystatic.com/63847702/r/il/513ff9/7570164916/il_fullxfull.7570164916_e5ga.jpg,https://i.etsystatic.com/63847702/r/il/06404f/7570165364/il_fullxfull.7570165364_46ce.jpg,,,,,,,,,,63103062955877797141
"Funny Mechanic Coffee Mug: Piston Broke Garage Humor Gift","Some mornings you wake up ready to fix the world. Other mornings the piston broke.

This humorous garage inspired mug is made for mechanics, car tinkerers, and anyone who has ever taken something apart and immediately regretted it. Featuring a cracked piston illustration and bold PISTON BROKE text, it is the perfect companion for early mornings in the workshop, the garage, or the kitchen before another project begins.

Whether you are a professional mechanic, weekend car enthusiast, or buying a gift for someone who lives in the garage, this mug delivers a knowing smile with every cup.

Made from durable white ceramic with a glossy finish, it is built for daily use and repeated refills. The high quality print stays vivid wash after wash and the comfortable handle makes it easy to hold while planning the next fix.

A great gift for birthdays, Fathers Day, Christmas, or as a tongue in cheek surprise for your favourite car obsessed friend.

Product details

• Durable white ceramic mug
• Available in 11oz and 15oz sizes
• Comfortable C handle with shiny finish
• Microwave safe and dishwasher safe
• Lead free and BPA free
• Professionally printed for long lasting colour

Perfect for coffee, tea, or that first strong brew before opening the toolbox.

EU representative: HONSON VENTURES LIMITED, gpsr@honsonventures.com, 3, Gnaftis House flat 102, Limassol, Mesa Geitonia, 4003, CY
Product information: Generic brand, 2 year warranty in EU and Northern Ireland as per Directive 1999/44/EC
Care instructions: Clean in dishwasher or wash by hand with warm water and dish soap",7.42,GBP,1998,"piston_broke_mug,funny_mechanic_mug,garage_humor_mug,car_guy_mug,mechanic_gift,gift_for_mechanic,auto_repair_mug,workshop_coffee,funny_car_mug,garage_gift,engine_humor,tinkerer_gift",,https://i.etsystatic.com/63847702/r/il/b50366/7566929038/il_fullxfull.7566929038_dpi1.jpg,https://i.etsystatic.com/63847702/r/il/8e0f3e/7566925082/il_fullxfull.7566925082_91bu.jpg,https://i.etsystatic.com/63847702/r/il/76716c/7566692818/il_fullxfull.7566692818_7e0b.jpg,,,,,,,,"Custom Property",Size,"11oz,15oz",,,,"21527024693169053023,18168690327949002414"
"Piston Broke Trucker Cap Funny Mechanic Hat Garage Humor Workshop Snapback Gift for Car Lovers","Bring garage humour into everyday wear with this Piston Broke trucker cap, made for mechanics, tinkerers, van lifers and anyone who knows that projects do not always go to plan.

The bold piston graphic paired with the dry humour text says everything without needing to explain yourself. It is the kind of cap that gets a knowing nod in the workshop, at the parts counter or at a car meet.

Designed in a classic vintage trucker style, it features a structured foam front for a clean look and a breathable mesh back to keep you cool during long days under the bonnet or behind the wheel. The adjustable snapback ensures a comfortable fit whether you are wrenching, driving or just leaning back with a brew.

This cap also makes a great gift for mechanics, car enthusiasts, DIY builders and anyone who has ever muttered “it was running fine yesterday”.

Why you will love it

• Funny piston design with bold, clear print
• Classic trucker style with breathable mesh back
• Comfortable snapback fit for everyday wear
• Durable stitching and fade resistant printing
• Ideal gift for mechanics, car lovers and workshop humour fans

Product details

• Adjustable plastic strap fits approx 20 to 24 inches
• 100 percent polyester foam front with nylon mesh back
• Professional quality vivid printing with colour matched details
• Six row stitched visor for durability
• Meets lead and phthalates requirements

Care instructions

Clean gently with warm water and mild dish soap. Spot clean only. Use a soft brush for stubborn marks. No need to soak the whole cap.


EU representative: HONSON VENTURES LIMITED, gpsr@honsonventures.com, 3, Gnaftis House flat 102, Limassol, Mesa Geitonia, 4003, CY
Product information: OTTO Cap 39-165, 2 year warranty in EU and Northern Ireland as per Directive 1999/44/EC
Warnings, Hazard: For adults, Made in Myanmar
Care instructions: Use warm water and dish soap and clean spots off your hat. It's not necessary to soak the whole item. For hard to clean spots use a soft bristled brush.",26.87,GBP,6993,"piston_broke,mechanic_hat,funny_mechanic,garage_humor,car_guy_gift,workshop_cap,gift_for_mechanic,gift_for_him,car_lover_gift,auto_enthusiast,snapback_cap","Nylon,Polyester",https://i.etsystatic.com/63847702/r/il/ecf031/7615419837/il_fullxfull.7615419837_my8r.jpg,https://i.etsystatic.com/63847702/r/il/75ab78/7615421875/il_fullxfull.7615421875_oqw3.jpg,https://i.etsystatic.com/63847702/r/il/90b683/7615423935/il_fullxfull.7615423935_m0ab.jpg,https://i.etsystatic.com/63847702/r/il/76b4ed/7567479752/il_fullxfull.7567479752_t2fi.jpg,https://i.etsystatic.com/63847702/r/il/9bb99a/7567481374/il_fullxfull.7567481374_ed5k.jpg,https://i.etsystatic.com/63847702/r/il/27241d/7567483128/il_fullxfull.7567483128_6k98.jpg,https://i.etsystatic.com/63847702/r/il/5001a8/7567484134/il_fullxfull.7567484134_hkaz.jpg,https://i.etsystatic.com/63847702/r/il/5058d6/7567485532/il_fullxfull.7567485532_3tld.jpg,,,"Custom Property","Otto Colors","Black,Green,Pink,Blue/Red,Dark Green,Dark Navy,Royal",,,,"26888594444695823374,10913035904850747693,71208322923574679182,26337231761973900708,69504035171901042933,29679709192140526741,13983690660340164240"
"Funny Procrastinating Coffee Mug | Sarcastic Office Humor Gift","Some people procrastinate. Others simply prioritise… differently.

This sarcastic humour mug features the phrase “I’m not procrastinating, I’m prioritising differently” presented in a simple thought bubble design. It is a quiet, knowing joke that works perfectly for desks, home offices, and anyone who understands that productivity is not always linear.

Ideal for workdays, meetings, or moments when the to do list is being actively ignored with purpose. Whether you are working from home, in an office, or buying a gift for a colleague who definitely understands this mindset, this mug delivers dry humour without being loud or crass.

Made from durable white ceramic with a smooth glossy finish, it is designed for everyday use and repeated refills. The clean, high contrast print ensures the message stays sharp and readable over time.

A great gift for office workers, managers, remote workers, students, and anyone who enjoys intelligent, self-deprecating humour.

Product details

• Durable white ceramic mug
• Available in 11oz and 15oz sizes
• Comfortable C handle
• Microwave safe and dishwasher safe
• Lead free and BPA free
• Professionally printed for long lasting colour

Perfect for coffee, tea, or staring thoughtfully into while avoiding emails.

EU representative: HONSON VENTURES LIMITED, gpsr@honsonventures.com, 3, Gnaftis House flat 102, Limassol, Mesa Geitonia, 4003, CY
Product information: Generic brand, 2 year warranty in EU and Northern Ireland as per Directive 1999/44/EC
Warnings, Hazard: Blank product sourced from China
Care instructions: Clean in dishwasher or wash by hand with warm water and dish soap",10.11,GBP,8991,"procrastinating_mug,office_humor_mug,funny_work_mug,sarcastic_coffee_cup,work_from_home_mug,productivity_humor,gift_for_coworker,manager_gift,desk_humor,dry_humor_mug,self_deprecating,prioritising_mug",,https://i.etsystatic.com/63847702/r/il/843c0f/7570102858/il_fullxfull.7570102858_8nhs.jpg,https://i.etsystatic.com/63847702/r/il/55058a/7570104370/il_fullxfull.7570104370_f0t7.jpg,https://i.etsystatic.com/63847702/r/il/b8081e/7570104918/il_fullxfull.7570104918_klqv.jpg,https://i.etsystatic.com/63847702/r/il/902102/7570105826/il_fullxfull.7570105826_gpyb.jpg,https://i.etsystatic.com/63847702/r/il/e15383/7570106814/il_fullxfull.7570106814_qti9.jpg,https://i.etsystatic.com/63847702/r/il/95a72f/7618054957/il_fullxfull.7618054957_sj7b.jpg,https://i.etsystatic.com/63847702/r/il/a25380/7618055635/il_fullxfull.7618055635_dc22.jpg,https://i.etsystatic.com/63847702/r/il/bda9cc/7618056173/il_fullxfull.7618056173_6wqt.jpg,https://i.etsystatic.com/63847702/r/il/20b265/7618056923/il_fullxfull.7618056923_oqe5.jpg,https://i.etsystatic.com/63847702/r/il/6c3788/7570110702/il_fullxfull.7570110702_oeur.jpg,"Custom Property",Color,"Black,Navy,Pink,Red,Light Blue,Orange,Purple,Yellow,Light Green",,,,"13089186685010993595,16779854702407485995,16478760621446018629,29038856646972810130,24732843096675219809,18933231031589658222,29485512069092866573,63626616596996627554,50595989301951034021"
"Minimal Cherry T Shirt Cute Aesthetic Fruit Tee Subtle Graphic Shirt Soft Style Unisex Summer Outfit Gift","A clean, minimal cherry design that keeps things simple and quietly playful. This subtle fruit graphic tee is designed for those who prefer understated style with a hint of personality. No loud slogans, just a soft visual that works effortlessly with everyday outfits.

Perfect for summer, casual wear, or layering, this aesthetic cherry shirt pairs easily with jeans, shorts, or relaxed fits. It also works well as a low key gift for anyone who enjoys minimalist fashion, fruit themes, or subtle statement pieces.

Whether you see it as cute, classic, or something a little more knowing, this design is intentionally open to interpretation.

Product details:

The Gildan Softstyle 64000 offers a modern unisex fit with lightweight comfort and a smooth feel. Solid colours are made from 100 percent ring spun cotton, while heather blends include polyester for durability. The shirt features reinforced shoulders, no side seams for a cleaner fit, and a ribbed collar that keeps its shape.

Made for all day wear with a soft, breathable fabric that works across seasons.

Please note:
White variants may appear slightly off white due to fabric properties.
Sleeve prints and labels may vary depending on print provider.",14.21,GBP,29970,"cherry_shirt,cherry_tee,fruit_shirt,aesthetic_tee,cute_graphic_tee,minimal_shirt,summer_outfit,subtle_design,kawaii_shirt,pastel_aesthetic,womens_gift,unisex_tshirt,soft_style_tee",,https://i.etsystatic.com/63847702/r/il/e226f6/7973768794/il_fullxfull.7973768794_1fs4.jpg,https://i.etsystatic.com/63847702/r/il/055d36/8021715541/il_fullxfull.8021715541_so7r.jpg,https://i.etsystatic.com/63847702/r/il/d0c7c7/8021696267/il_fullxfull.8021696267_bq1b.jpg,https://i.etsystatic.com/63847702/r/il/5bcfdb/7973747332/il_fullxfull.7973747332_hhry.jpg,https://i.etsystatic.com/63847702/r/il/e43078/8021696887/il_fullxfull.8021696887_kw2g.jpg,https://i.etsystatic.com/63847702/r/il/eda2ed/7973748030/il_fullxfull.7973748030_76at.jpg,https://i.etsystatic.com/63847702/r/il/73f816/8021697551/il_fullxfull.8021697551_nari.jpg,https://i.etsystatic.com/63847702/r/il/9a96d7/8021697873/il_fullxfull.8021697873_mgh3.jpg,https://i.etsystatic.com/63847702/r/il/982597/8021698207/il_fullxfull.8021698207_baye.jpg,https://i.etsystatic.com/63847702/r/il/fa05f6/7973749348/il_fullxfull.7973749348_9v0v.jpg,"Custom Property",Colors,"Navy,Sport Grey,Black,Military Green,Dark Heather,Natural,White","Custom Property",Sizes,"S,M,L,XL,2XL,3XL","unavailable_sku,30265827910517373839,33978850769733326066,78434340598628448267,11911419373649421573,59068092731380404544,14294713597756457987,22997751441083138000,26775424467613342089,10637013939671091095,18446937325400899807,22473744726275115812,41627175485365856893,31191638972286485849,18171337580088463373,22503514126646338225,20998811205204605801,75458766628102696189,26834301902159081880,29744557586437198361,21734613534515829782,18494407864291199441,58899704574565276631,90217847381893573262,28622760181197824786,13638107326913964107,19737697070608610229,11554628042880193662,14873978357458898830,27078269733456041934,15874212910984490162"
"Perfect Cherry Aesthetic T Shirt, Minimal Fruit Graphic Tee, Cute Soft Girl Shirt, Y2K Style Lips Cherry Top, Subtle Aesthetic Outfit","When things are just perfect. The Gildan Softstyle® 64000 redefines casual comfort with a modern unisex cut and ultra-soft materials. Solid colors are 100% cotton, while heathers and sport grey use polyester blends for added durability. Shoulders are reinforced with twill tape, there are no side seams for a smoother fit, and the ribbed-knit collar helps prevent curling. Whether for printing or everyday wear, the Gildan 64000 stands out as a dependable wardrobe staple.

Disclaimer:
- Due to the fabric properties, the White color variant may appear off-white rather than bright white.
- Sleeve prints and neck labels are produced using DTF (Direct-to-Film) printing technology. This applies only to products fulfilled by the print providers OPT OnDemand and Shirt Monkey among the providers offering this item.
.: Made with 100% ring-spun cotton, the Gildan 64000 from the Gildan Softstyle® collection is a lightweight fabric (4.5 oz/yd² (153 g/m²)) that feels blissful to wear all year round. 
.: The classic fit with the crew neckline deliver a clean, versatile style that can match any occasion, whether it's formal or semi-formal. 
.: All shirts feature a pearlized, tear-away label for total wearing comfort. 
.: Made using ethically grown and harvested US cotton. Gildan is also a proud member of the US Cotton Trust Protocol ensuring ethical and sustainable means of production. This blank tee is certified by Oeko-Tex for safety and quality assurance.
.: Fabric blends: Heather colors - 35% ring-spun cotton, 65% polyester;  Sport Grey and Antique colors - 90% cotton, 10% polyester, Graphite Heather - 50% ring-spun cotton, 50% polyester

EU representative: HONSON VENTURES LIMITED, gpsr@honsonventures.com, 3, Gnaftis House flat 102, Limassol, Mesa Geitonia, 4003, CY
Product information: Gildan 64000, 2 year warranty in EU and Northern Ireland as per Directive 1999/44/EC
Warnings, Hazard: For adults, Made in Bangladesh
Care instructions: Machine wash: cold (max 30C or 90F), with similar colors , Do not bleach, Tumble dry: low heat, Iron, steam or dry: low heat, Do not dryclean",15.02,GBP,50949,"cherry_shirt,aesthetic_tee,fruit_graphic,cute_shirt,y2k_shirt,soft_girl_tee,minimal_shirt,trendy_tshirt,gift_for_her,summer_outfit,cute_aesthetic,cherry_graphic,womens_tee",,https://i.etsystatic.com/63847702/r/il/9b118f/8006841467/il_fullxfull.8006841467_73nk.jpg,https://i.etsystatic.com/63847702/r/il/553830/8005623461/il_fullxfull.8005623461_pxkw.jpg,https://i.etsystatic.com/63847702/r/il/92859a/7957665432/il_fullxfull.7957665432_tcyq.jpg,https://i.etsystatic.com/63847702/r/il/df7bed/8005624303/il_fullxfull.8005624303_j3t5.jpg,https://i.etsystatic.com/63847702/r/il/5caec0/8005624665/il_fullxfull.8005624665_gsc8.jpg,https://i.etsystatic.com/63847702/r/il/5cd8f3/7957666712/il_fullxfull.7957666712_bt0y.jpg,https://i.etsystatic.com/63847702/r/il/6790f1/7957667166/il_fullxfull.7957667166_kpgk.jpg,https://i.etsystatic.com/63847702/r/il/6da8f0/8005625913/il_fullxfull.8005625913_9h70.jpg,https://i.etsystatic.com/63847702/r/il/7aefca/8005626397/il_fullxfull.8005626397_t19p.jpg,https://i.etsystatic.com/63847702/r/il/e785ae/7957668332/il_fullxfull.7957668332_a8zi.jpg,"Custom Property",Colors,"Charcoal,Navy,Sport Grey,White,Black,Military Green,Dark Heather,Graphite Heather","Custom Property",Sizes,"S,M,L,XL,2XL,3XL,4XL","12194831353678113257,88107331940581113697,65150947603180774529,83123932632008369864,20435932636289825987,31857885477181573044,25949942615877208665,31369716788357169437,20875978061273439998,12217195963693577874,14310083896530511093,28983747333459401295,14819853317070902496,18508340775270620772,18133305980749111843,15863525510001386115,30147455908330394792,96732068501582332972,28042156936454816144,32843272177871220993,27346935193505983941,unavailable_sku,10463920414519928221,32065155256555189336,25167852542579308652,35589045835950469391,16122340180875430620,32989516528304111933,15978554029202811872,47984455546961667956,14672893895142592637,93945125670456368615,20039006316481584941,17916265459381607953,24425007773411306276,28083101851444866660,64960385110306945543,85318283251416324329,13285219489183616465,16757641769466651780,26772722682257738327,66813434755925571756,23378420999212580494,14734856446134337947,28785798201240946075,21063513723945480059,73873631930375964987,26734315585182155643,23737457047467592478,24245330031555293166,56808976215818717292,10475247467824142265,12478081657366628307,22001861282879888030,52129758305799247403"
"Cherry Aesthetic T Shirt, Minimal Fruit Graphic Tee, Cute Soft Girl Shirt, Y2K Style Lips Cherry Top, Subtle Aesthetic Outfit, Gift for Her","A clean, aesthetic cherry graphic designed for a soft, effortless look. This piece leans into minimal visual style with a subtle edge, easy to wear, easy to pair, and designed to stand out without saying too much.

Perfect for those who prefer understated designs with a bit of personality. Works well with casual outfits, layered looks, or as a quiet statement piece.

Ideal as a gift or everyday staple for anyone into aesthetic fashion, fruit graphics, or soft Y2K inspired style.

Product Details

The Gildan Softstyle 64000 offers a lightweight, comfortable fit with a modern unisex cut. Designed for everyday wear with a smooth feel and clean silhouette.

Made with 100 percent ring spun cotton for solid colours
Lightweight fabric, 4.5 oz per square yard
No side seams for improved comfort and fit
Ribbed knit collar to help maintain shape
Shoulder to shoulder twill tape for durability
Tear away label for added comfort

Heather colours include polyester blends for durability.

Notes
Due to fabric properties, the white variant may appear slightly off white.
DTF printing may be used for sleeve prints or neck labels depending on provider.",19.4,GBP,34965,"cherry_shirt,aesthetic_tee,fruit_graphic,cute_shirt,y2k_shirt,soft_girl_tee,minimal_shirt,trendy_tshirt,gift_for_her,summer_outfit,cute_aesthetic,cherry_graphic,womens_tee",,https://i.etsystatic.com/63847702/r/il/ecbf04/7958892950/il_fullxfull.7958892950_hjd8.jpg,https://i.etsystatic.com/63847702/r/il/b2228c/8005615153/il_fullxfull.8005615153_kwsu.jpg,https://i.etsystatic.com/63847702/r/il/ad3bc5/8005615515/il_fullxfull.8005615515_nedp.jpg,https://i.etsystatic.com/63847702/r/il/4a9add/7957657212/il_fullxfull.7957657212_fvmi.jpg,https://i.etsystatic.com/63847702/r/il/322a6e/8005616209/il_fullxfull.8005616209_nboe.jpg,https://i.etsystatic.com/63847702/r/il/6a7ccc/7957657802/il_fullxfull.7957657802_kiwq.jpg,https://i.etsystatic.com/63847702/r/il/39b13d/8005616907/il_fullxfull.8005616907_mgaw.jpg,https://i.etsystatic.com/63847702/r/il/1c97b8/7957658510/il_fullxfull.7957658510_n3gg.jpg,https://i.etsystatic.com/63847702/r/il/95ea81/7957658916/il_fullxfull.7957658916_43hy.jpg,https://i.etsystatic.com/63847702/r/il/a1adce/7957659314/il_fullxfull.7957659314_gghk.jpg,"Custom Property",Colors,"Charcoal,Navy,Purple,Sport Grey,White,Black,Military Green","Custom Property",Sizes,"S,M,L,XL,2XL","13179319132000520470,28092127675639115978,10304022156694258170,30946765101600819062,66928621999837053295,33156728327114979542,29282752907463523877,26852423443110747544,31813089830262011440,19712521670374761773,31561477125572012367,30283880402974080866,26372850478699820299,57729450270478876234,73782779584557491523,11765736936813079951,14730315616412992731,25717694870360590304,11172974144914753124,24767983834148482682,10114622882340190386,78423369727418079438,22292170412828345737,23373332016736063810,19075867246464720766,22404003927593860071,13908496593934246144,18326363899980822728,12023445257718912294,86241468947000385226,28356876139535519311,49492819561291137370,29261657652476899096,25075539261887292936,33014651556529246767"
"Low Battery T Shirt Funny Tech Shirt Power Saving Mode Tee IT Humor Programmer Gift Geek Shirt Unisex Cotton Tee","Some days you are not fully charged, and that is fine.

This Low Battery T Shirt uses a clean, recognisable battery graphic with a subtle tech humour twist. The red low level indicator and structured layout make the message clear at a glance without feeling loud or novelty. It is designed to feel familiar to anyone who works with systems, screens, or long hours.

A simple idea, executed cleanly. Easy to wear, easy to recognise.

This tee works well for developers, IT professionals, engineers, tech support, office workers, or anyone who relates to running on low energy but still getting the job done. It also makes a practical gift for colleagues, friends, or anyone in a tech environment.

Printed on the Gildan Softstyle 64000, this shirt offers a lightweight feel with a modern unisex fit. The fabric is soft, breathable, and suitable for everyday wear across all seasons.

Product details

• Unisex fit suitable for everyday wear
• Made from soft ring spun cotton
• Lightweight and breathable fabric
• Classic crew neckline with modern shape
• No side seams for a smoother fit
• Ribbed collar designed to hold shape
• Tear away label for added comfort
• Ethically produced and Oeko Tex certified

Please note the white colour may appear slightly off white due to fabric properties.",16.09,GBP,35964,,,https://i.etsystatic.com/63847702/r/il/f1b039/7989668259/il_fullxfull.7989668259_lr6m.jpg,https://i.etsystatic.com/63847702/r/il/ec4971/7989661585/il_fullxfull.7989661585_1hes.jpg,https://i.etsystatic.com/63847702/r/il/d5b374/7989661863/il_fullxfull.7989661863_2uwi.jpg,https://i.etsystatic.com/63847702/r/il/cd0f31/7941702750/il_fullxfull.7941702750_dum3.jpg,https://i.etsystatic.com/63847702/r/il/6f5af7/7989662285/il_fullxfull.7989662285_9qmg.jpg,https://i.etsystatic.com/63847702/r/il/bde004/7941703262/il_fullxfull.7941703262_4tv5.jpg,https://i.etsystatic.com/63847702/r/il/47c6bf/7989662921/il_fullxfull.7989662921_45fk.jpg,https://i.etsystatic.com/63847702/r/il/2da58c/7941703832/il_fullxfull.7941703832_84ek.jpg,,,"Custom Property",Colors,"Navy,Sport Grey,White,Black,Military Green,Dark Heather,Natural","Custom Property",Sizes,"S,M,L,XL,2XL,3XL,4XL","unavailable_sku,85612954216106514451,26760215199833877617,13261936066361294435,25581793423504938354,11893712595712382532,23059913336645467646,15334403954867816542,25978318738787723023,18075879829569152417,28851593978343988608,27912836052521327448,30943807402610693528,30241349639766128316,29745335829706961753,33519161691096195752,24088314942042457573,29271128715494586687,20927114573039403371,26637390500660103972,11775362190100539763,36336289407184895760,20271703410988449425,10370275503336725964,53080791679912056026,13641558855795532165,20025279315605613978,11083364575056336413,31722081029554687611,31584869638649127881,32012422566278032071,66933596774289657994,28536992709627457360,28907257852882937569,17226373707770569533,15718223509123645609,11077524801876943555,45531097385802031585"
"System Error T Shirt Funny IT Shirt Critical Failure Tee Programmer Humor Tech Geek Gift Unisex","Some days just stop working.

This System Error T Shirt features a clean, high contrast warning design with the phrase “Critical Failure”, making it a subtle but relatable piece of humour for anyone in tech, IT, or office life. It reflects those moments when things do not quite go to plan, whether that is code, systems, or simply the day itself.

Designed with a minimalist layout and bold typography, this tee is easy to read at a glance and works as everyday wear rather than a loud novelty piece. It pairs well with casual outfits and fits naturally into work from home, office, or weekend settings.

Ideal for programmers, IT professionals, engineers, developers, and anyone who appreciates understated tech humour. It also works well as a gift for colleagues, friends, or anyone familiar with system crashes and critical errors.

Printed on the Gildan Softstyle 64000, this unisex T shirt offers a lightweight feel with a modern fit and soft ring spun cotton for all day comfort.

Product details

• Lightweight unisex T shirt
• Soft ring spun cotton fabric
• Classic crew neckline with modern fit
• No side seams for a smoother finish
• Ribbed collar designed to hold shape
• Tear away label for added comfort
• Ethically sourced and Oeko Tex certified materials

Please note the white variant may appear slightly off white due to fabric properties.",15.21,GBP,32967,"system_error_shirt,funny_IT_shirt,programmer_shirt,tech_humor_tee,critical_failure,geek_t_shirt,coder_humor,IT_gift_idea,software_joke,dev_life_shirt,office_humor_tee,nerd_gift_shirt,computer_joke_tee",,https://i.etsystatic.com/63847702/r/il/bb8e48/7988463523/il_fullxfull.7988463523_a3k5.jpg,https://i.etsystatic.com/63847702/r/il/4e01f7/7940165286/il_fullxfull.7940165286_74sc.jpg,https://i.etsystatic.com/63847702/r/il/024fed/7988119625/il_fullxfull.7988119625_f0kr.jpg,https://i.etsystatic.com/63847702/r/il/317de0/7988122365/il_fullxfull.7988122365_numg.jpg,https://i.etsystatic.com/63847702/r/il/970ccb/7940161792/il_fullxfull.7940161792_o046.jpg,https://i.etsystatic.com/63847702/r/il/19d982/7988124123/il_fullxfull.7988124123_pkp8.jpg,https://i.etsystatic.com/63847702/r/il/a3121b/7988120331/il_fullxfull.7988120331_ilec.jpg,https://i.etsystatic.com/63847702/r/il/ce8b51/7940162590/il_fullxfull.7940162590_onmq.jpg,https://i.etsystatic.com/63847702/r/il/2b2485/7940164708/il_fullxfull.7940164708_t6re.jpg,https://i.etsystatic.com/63847702/r/il/4acc1f/7940162996/il_fullxfull.7940162996_41d1.jpg,"Custom Property",Colors,"Navy,Sport Grey,White,Black,Military Green,Dark Heather,Natural","Custom Property",Sizes,"S,M,L,XL,2XL,3XL","unavailable_sku,13283172749026991176,22078798009209191040,49806302967895222699,27515129495458119029,51949820959143294881,19952685857259236683,58597559943595727638,12111200901432392308,33353046903776526049,33877109277898006805,18595750212644568106,10638584349585667197,41338058377201400547,23682227954521863724,14496050576242121498,10600466031770239795,26731337268141939808,24865536308081528043,97054934042550058361,15171806341973835422,93844063003089240094,13258782538998696776,25304185441131096421,47135670907793173991,25354501017763687827,19297381939447632918,16986420739789859465,15083452078994401445,17957541062502935070,17059429706754769115,24354460093427380149,29077587575605215671,30351851843223583900"
"Legacy Hardware T Shirt Known Issues Apply Tee Funny Tech Shirt Programmer Gift IT Humor Geek Unisex Tee","Legacy hardware does not mean obsolete. It means reliable.

This retro tech T shirt features a clean floppy disk graphic paired with the phrase “Legacy Hardware”, a subtle nod to older systems that still do the job. Designed with understated, dry humour, it resonates with anyone familiar with ageing infrastructure, stable builds, and the unspoken rule of “if it works, leave it alone”.

The layout is minimal and high contrast, making the design easy to read without feeling loud or novelty driven. It is intended as a wearable inside joke rather than a one time gag, suitable for work, casual wear, or everyday use.

Ideal for programmers, IT professionals, system administrators, engineers, and anyone who appreciates retro computing culture. It also makes a considered gift for colleagues, developers, or tech enthusiasts who recognise the value of legacy systems.

Part of a small collection of retro tech inspired designs, including System Properties and Legacy Hardware styles.

Printed on the Gildan Softstyle 64000, this unisex T shirt offers a lightweight feel with a modern fit. Made from soft ring spun cotton with a smooth surface for clean print quality, it is comfortable enough for year round wear.

Product details

• Lightweight unisex T shirt
• Soft ring spun cotton
• Modern retail fit with crew neckline
• Smooth fabric for sharp, long lasting print
• No side seams for improved comfort
• Ribbed collar designed to retain shape
• Tear away label
• Ethically sourced materials with Oeko Tex certification

Please note that the white colour variant may appear slightly off white due to fabric properties.

EU representative: HONSON VENTURES LIMITED, gpsr@honsonventures.com, 3, Gnaftis House flat 102, Limassol, Mesa Geitonia, 4003, CY
Product information: Gildan 64000, 2 year warranty in EU and Northern Ireland as per Directive 1999/44/EC
Warnings, Hazard: For adults, Made in Bangladesh
Care instructions: Machine wash: cold (max 30C or 90F), with similar colors , Do not bleach, Tumble dry: low heat, Iron, steam or dry: low heat, Do not dryclean",16.4,GBP,50949,"legacy_hardware,known_issues,tech_shirt,funny_tech,programmer,it_humor,geek_shirt,coder_gift,office_humor,dev_humor,nerd_shirt,tech_joke,vintage_tech",,https://i.etsystatic.com/63847702/r/il/5c14b0/8005284831/il_fullxfull.8005284831_71mj.jpg,https://i.etsystatic.com/63847702/r/il/aaeb78/7916638948/il_fullxfull.7916638948_arso.jpg,https://i.etsystatic.com/63847702/r/il/4ed3c1/7963341505/il_fullxfull.7963341505_8li0.jpg,https://i.etsystatic.com/63847702/r/il/0d1cbf/7915389300/il_fullxfull.7915389300_l0x8.jpg,https://i.etsystatic.com/63847702/r/il/790737/7963342287/il_fullxfull.7963342287_hh0m.jpg,https://i.etsystatic.com/63847702/r/il/41230a/7963342621/il_fullxfull.7963342621_jpwb.jpg,https://i.etsystatic.com/63847702/r/il/0006d0/7963343053/il_fullxfull.7963343053_bz6t.jpg,https://i.etsystatic.com/63847702/r/il/09564d/7963343517/il_fullxfull.7963343517_bfln.jpg,https://i.etsystatic.com/63847702/r/il/350be2/7915391414/il_fullxfull.7915391414_2o0w.jpg,https://i.etsystatic.com/63847702/r/il/4aa73c/7963344439/il_fullxfull.7963344439_azpo.jpg,"Custom Property",Colors,"Charcoal,Navy,Sport Grey,White,Forest Green,Military Green,Dark Heather,Maroon,Graphite Heather,Antique Cherry Red","Custom Property",Sizes,"S,M,L,XL,2XL,3XL","86164018689254745069,29299642889531623874,12148260827249179107,21147795802466794921,16586395356100288356,13378055953642438011,98772734220018769974,31588776803895688181,33692434681655088837,25063405079895867638,17747241391775769414,10036278255420096241,42173946666711681821,27546517224089677159,22415747085346942623,19213332310243417957,73751392342643177518,20436774747818953912,32611721714306024181,30043568923931820254,29660913644140884479,57119862063117829917,unavailable_sku,21972411543977863090,18212474106434036141,17478189723167626041,65566324557446541618,25829026059609531888,17919275184599798659,23658141525476931345,30127488020922807357,13416022188657389644,16409167733808545766,19803950483320556729,57189640699894475725,24991017427945477668,13842978119999837897,29109914997862330923,32287689069597705876,11214038359403607976,16198469769754619421,18345580731459423893,13784185596575847932,20515934252632176767,86084060509237658360,11269889086216958878,28078185926703895145,19862960026603068513,21375591682314765489,46004390276949083631,13290394006249596125,23161858367258106575"
"Retro Computer Shirt 1.44MB Floppy Disk Shirt Funny Programmer Shirt Tech Humor Tee Nerd Gift Geek Shirt System Properties Shirt","Runs on low storage. Performs best after coffee.

This 1.44MB System Properties t-shirt is a dry, technical take on classic computer humour. Styled like a retro hardware spec plate, it mimics the look of old system diagnostics with a modern twist, making it instantly recognisable to programmers, IT professionals, and anyone who remembers floppy disks.

The design keeps a clean, understated look rather than loud novelty, so it works both as an inside joke and an everyday wearable piece.

Printed on a premium Comfort Colors 1717 tee, the garment dyed fabric gives a soft, slightly faded finish from day one. It feels broken in, comfortable, and holds its shape over time.

Ideal for developers, engineers, sysadmins, retro tech enthusiasts, or anyone who appreciates subtle computing humour.

Part of a small collection of retro tech inspired designs, including System Properties and Legacy Hardware styles.

Key Features

• Comfort Colors 1717 premium t-shirt
• 100 percent ring spun US cotton
• Garment dyed for soft vintage feel
• Relaxed fit for everyday comfort
• Durable print with clean detail

Design Details

• System style spec plate layout
• Inspired by classic hardware diagnostics
• Clean mono style typography
• Subtle technical humour rather than loud graphics

Care Instructions

• Machine wash cold
• Tumble dry low
• Do not bleach
• Do not iron directly on print

Compliance Information

EU representative: HONSON VENTURES LIMITED, gpsr@honsonventures.com
, Limassol, Cyprus
Product: Comfort Colors 1717
Warranty: 2 years in EU and Northern Ireland
Origin: Honduras
Age suitability: Adults

EU representative: HONSON VENTURES LIMITED, gpsr@honsonventures.com, 3, Gnaftis House flat 102, Limassol, Mesa Geitonia, 4003, CY
Product information: Comfort Colors® 1717, 2 year warranty in EU and Northern Ireland as per Directive 1999/44/EC
Warnings, Hazard: Made in Honduras
Care instructions: Machine wash: cold (max 30C or 90F), Do not bleach, Tumble dry: low heat, Iron, steam or dry: low heat, Do not dryclean",12.65,GBP,47952,"system_properties,retro_computer,tech_humor_shirt,programmer_shirt,it_humor,computer_joke,geek_t_shirt,nerd_shirt,sysadmin_gift,developer_gift,retro_tech,coding_humor,computer_humor",,https://i.etsystatic.com/63847702/r/il/9bc060/7962827223/il_fullxfull.7962827223_96fc.jpg,https://i.etsystatic.com/63847702/r/il/2068a3/7962828533/il_fullxfull.7962828533_n6cn.jpg,https://i.etsystatic.com/63847702/r/il/098056/7962828041/il_fullxfull.7962828041_ntcv.jpg,https://i.etsystatic.com/63847702/r/il/68fc83/7962828875/il_fullxfull.7962828875_e6xb.jpg,https://i.etsystatic.com/63847702/r/il/aa017f/7962829213/il_fullxfull.7962829213_2mel.jpg,https://i.etsystatic.com/63847702/r/il/48aeb0/7914878474/il_fullxfull.7914878474_ic1a.jpg,https://i.etsystatic.com/63847702/r/il/211ea5/7914878874/il_fullxfull.7914878874_aivg.jpg,https://i.etsystatic.com/63847702/r/il/a89926/7962830347/il_fullxfull.7962830347_kmt7.jpg,https://i.etsystatic.com/63847702/r/il/ecf540/7962830743/il_fullxfull.7962830743_5alu.jpg,https://i.etsystatic.com/63847702/r/il/567e13/7914879824/il_fullxfull.7914879824_sntb.jpg,"Custom Property",Colors,"Dark Chocolate,Navy,Sport Grey,White,Black,Military Green,Dark Heather Grey","Custom Property",Sizes,"S,M,L,XL,2XL,3XL,4XL,5XL","17590999314993278345,16857406720006533813,12706957150056517979,11043553858966093267,31801090269912835630,31194704573950887835,14058248485251855220,27592987555517253123,12710039585158609820,29332868850817118766,11186824208771478315,31928105283225255913,30148157581087621496,30253884143063055861,20629448513153826905,14738011568566960483,unavailable_sku,42563115048316287963,20642472785174360930,17986386888967552373,22961770428309803898,24233697222552117854,93178991805281480099,17373861138339162379,46816383942741031423,16086897781683998867,19549484569141136933,23547520233184936593,81466493999944067104,32814712797323985965,29863601618719189247,27333094039651612483,26801870325733836856,20395389062927029543,17445047934219757071,16938892301517158841,28745327474999460352,18849996376731273653,13845129683981743432,24052791687254955359,30249676981120808140,13392624333841661667,21755440646173618370,29879301469077045696,21373610765363391850,17321582014057181886,12447672059037112644,16689116919160506947,18265542949329999905"
"Funny Garage Dad Shirt UK Gift for Dad DIY Dad T Shirt Fathers Day Gift for Him Mechanic Dad Gift I Could Be Some Time Tee","🔧 The perfect gift for the dad who disappears into the garage, shed or workshop

If he says “I’ll just be 10 minutes”… you already know how that ends.

This funny garage dad t shirt is made for dads who love fixing, tinkering, and spending hours in their workshop. A simple, relatable design that gets a smile every time he puts it on.

🎁 Great gift for:
Father’s Day
Dad’s birthday
DIY dads
Mechanics and car lovers
Husbands who live in the garage
👕 Why this works as a gift
Clear, easy to read design
Subtle humour most dads instantly recognise
Practical gift he will actually wear
Works for casual wear, garage time, or weekends
📦 Product details
Gildan Softstyle 64000
Soft, lightweight feel suitable all year round
Classic unisex fit
Durable print designed for regular wear

Fabric:

Solid colours: 100 percent cotton
Heather colours: cotton and polyester blend
🚚 Delivery
Printed and dispatched from the UK
Reliable delivery with tracking
No long international shipping delays
🧼 Care instructions
Machine wash cold
Wash inside out
Do not tumble dry on high heat
⚠️ Notes
Colours may vary slightly depending on screen
White shirts may appear slightly off white due to fabric

EU representative: HONSON VENTURES LIMITED, gpsr@honsonventures.com, 3, Gnaftis House flat 102, Limassol, Mesa Geitonia, 4003, CY
Product information: Gildan 64000, 2 year warranty in EU and Northern Ireland as per Directive 1999/44/EC
Warnings, Hazard: For adults, Made in Bangladesh
Care instructions: Machine wash: cold (max 30C or 90F), with similar colors , Do not bleach, Tumble dry: low heat, Iron, steam or dry: low heat, Do not dryclean",20.78,GBP,29970,"garage_dad_gift,funny_dad_shirt,diy_dad_shirt,fathers_day_gift,gift_for_dad_uk,mechanic_dad_gift,car_lover_shirt,dad_humor_shirt,mens_funny_tee,workshop_dad,gift_for_him_dad,garage_humor_tee,uk_dad_t_shirt",,https://i.etsystatic.com/63847702/r/il/7f3ede/7914733220/il_fullxfull.7914733220_bclh.jpg,https://i.etsystatic.com/63847702/r/il/1a0fd4/7959843845/il_fullxfull.7959843845_shfr.jpg,https://i.etsystatic.com/63847702/r/il/e21076/7911890402/il_fullxfull.7911890402_3vhz.jpg,https://i.etsystatic.com/63847702/r/il/fc33bb/7959845135/il_fullxfull.7959845135_qydm.jpg,https://i.etsystatic.com/63847702/r/il/d5bff4/7911892352/il_fullxfull.7911892352_b525.jpg,https://i.etsystatic.com/63847702/r/il/96ecb7/7959847151/il_fullxfull.7959847151_bkeh.jpg,https://i.etsystatic.com/63847702/r/il/36cad3/7959847787/il_fullxfull.7959847787_aydd.jpg,https://i.etsystatic.com/63847702/r/il/13fe24/7911894276/il_fullxfull.7911894276_egf2.jpg,https://i.etsystatic.com/63847702/r/il/b3cbe2/7911894792/il_fullxfull.7911894792_4kfb.jpg,,"Custom Property",Colors,"Charcoal,Navy,Sport Grey,White,Black,Military Green","Custom Property",Sizes,"S,M,L,XL,2XL","93406348555743193775,22666835459235519514,16595178128622331690,16387490712159480536,20068810469919984746,31802724275435799230,15651963338551337814,29136037678311771296,33182194141324066843,26681683978377410980,24003136450376967173,25567591620282850046,63954607493611852086,46838600698230845631,33633143426085604458,17227737558457319885,19856583210496459738,30099067719882816513,15887851405241720042,70220909863014485655,29449979219108289971,58783569323949946614,17687234767969872685,21826671964071466087,17305395570990350635,23271755830988581801,27204781465423089673,26065313779682118518,17094725000741880297,20719136223804735622"
"Garage Dad Shirt UK Funny DIY Dad T Shirt I Am Going To The Garage Gift for Dad Fathers Day Mechanic Shirt Fixing Things Tee","For dads who disappear into the garage and do not return any time soon. This “I am going to the garage, I could be some time” t shirt captures that familiar moment with a clean design and subtle humour.

Perfect for DIY dads, mechanics, car enthusiasts, and anyone who enjoys time fixing, building, or escaping to the garage. This makes a great Father’s Day gift, birthday present, or everyday wear for hands on dads.

Designed with a simple layout and garage icon, this shirt is easy to read and works well both up close and at a distance. Ideal for wearing in the garage, workshop, or out and about.

Made using the Gildan Softstyle 64000, this unisex t shirt offers a soft feel, lightweight comfort, and durable print quality.

Product features
• Clean, readable design with garage icon
• Soft and lightweight for all day wear
• Durable print that holds up over time
• Ideal for DIY, car, and garage dads
• Great UK Father’s Day gift idea

Material and build
• 100 percent ring spun cotton for solid colours
• Heather blends include polyester for durability
• Lightweight fabric 4.5 oz per square yard
• No side seams for a smoother fit
• Ribbed collar helps maintain shape
• Tear away label for comfort

Care instructions
• Machine wash cold with similar colours
• Tumble dry low
• Do not bleach
• Do not dry clean

EU representative: HONSON VENTURES LIMITED, gpsr@honsonventures.com, 3, Gnaftis House flat 102, Limassol, Mesa Geitonia, 4003, CY
Product information: Gildan 64000, 2 year warranty in EU and Northern Ireland as per Directive 1999/44/EC
Warnings, Hazard: For adults, Made in Bangladesh
Care instructions: Machine wash: cold (max 30C or 90F), with similar colors , Do not bleach, Tumble dry: low heat, Iron, steam or dry: low heat, Do not dryclean",13.33,GBP,52947,"garage_dad_shirt_uk,diy_dad_shirt_uk,mechanic_dad_tee,fathers_day_gift_uk,funny_dad_shirt_uk,fixing_things_tee,car_dad_shirt_uk,garage_humor_shirt,mens_dad_gift_uk,uk_dad_t_shirt,handyman_dad_tee,garage_life_shirt,dad_hobby_shirt",,https://i.etsystatic.com/63847702/r/il/001624/7962684825/il_fullxfull.7962684825_9xan.jpg,https://i.etsystatic.com/63847702/r/il/c94d61/7959303531/il_fullxfull.7959303531_5535.jpg,https://i.etsystatic.com/63847702/r/il/f56e23/7959303915/il_fullxfull.7959303915_6s8n.jpg,https://i.etsystatic.com/63847702/r/il/795f3b/7911351710/il_fullxfull.7911351710_47e5.jpg,https://i.etsystatic.com/63847702/r/il/4a46b2/7911352064/il_fullxfull.7911352064_8yva.jpg,https://i.etsystatic.com/63847702/r/il/149873/7911352420/il_fullxfull.7911352420_t5qx.jpg,https://i.etsystatic.com/63847702/r/il/a8cb42/7959305423/il_fullxfull.7959305423_26rl.jpg,https://i.etsystatic.com/63847702/r/il/c4bd46/7959305765/il_fullxfull.7959305765_birl.jpg,,,"Custom Property",Colors,"Navy,Sport Grey,White,Black,Military Green,Dark Heather,Natural,Dark Heather Grey","Custom Property",Sizes,"S,M,L,XL,2XL,3XL,4XL,5XL","14899071243859894362,19714147924481770731,31324068130598121621,12563773989514051856,11364952489331913735,11282571048238195570,45941938529953225136,unavailable_sku,24114923675451264069,69181264814114819290,33331163012794199218,25858391069504565730,28449394862357248949,29915406509788074192,18168178709141601677,36759184863523402950,61190194172652375669,21692254936717506867,84389357319256912140,25830630929240002802,88671840255191010550,14745687773121013907,33347144889161682380,75739044927509134846,28105168731145493971,20371294680014136468,98868495081141071156,19508327106097337679,12196699714759050793,22825681461194344175,19274472800869646536,93177079852536220853,18580757406232772824,26259900671719295094,22740995658832279624,69132490282081380634,15431782345071964825,15246046961093840703,18584575204477403990,12145467778377946951,13706745125323025924,20311017493105574735,21001336082865912754,12195591477830031400,20585223229008215709,11040974175693038891,18617805635972964827,57193185741538967661,26810694102609365062,32166683251674981371,19695358176327579186,17955245122047640165,24171349900582776514,49174133607762329003"
"Garage Mode Do Not Disturb T Shirt Funny Dad Mechanic Shirt Fixing Something Tee Fathers Day Gift for Dad DIY Garage Shirt","Switch into full focus mode with this “Garage Mode Do Not Disturb” t shirt, designed for dads who are always fixing, building, or tinkering. Whether it is working on the car, handling DIY projects, or just enjoying time in the garage, this shirt delivers a clear message with a clean, bold design.

Perfect as a Father’s Day gift, birthday present, or everyday wear for dads who love tools, cars, and hands on work. The minimalist layout and strong typography make it easy to read and ideal for casual wear at home, in the workshop, or out and about.

Made using the Gildan Softstyle 64000, this unisex t shirt offers a lightweight, comfortable fit with durable construction. It is soft enough for daily wear while holding up well over time.

Product features
• Premium unisex fit with a clean modern look
• Soft ring spun cotton for all day comfort
• Durable print designed to last
• Ideal for DIY dads, mechanics, and garage enthusiasts
• Great gift for Father’s Day, birthdays, or Christmas

Material and build
• 100 percent ring spun cotton for solid colours
• Heather and sport grey blends include polyester for durability
• Lightweight fabric 4.5 oz per square yard
• No side seams for a smoother fit
• Ribbed knit collar to maintain shape
• Tear away label for comfort

Care instructions
• Machine wash cold with similar colours
• Tumble dry low
• Do not bleach
• Do not dry clean

This design is part of a growing dad lifestyle collection, making it easy to match with other hobby based designs.

EU representative: HONSON VENTURES LIMITED, gpsr@honsonventures.com, 3, Gnaftis House flat 102, Limassol, Mesa Geitonia, 4003, CY
Product information: Gildan 64000, 2 year warranty in EU and Northern Ireland as per Directive 1999/44/EC
Warnings, Hazard: For adults, Made in Bangladesh
Care instructions: Machine wash: cold (max 30C or 90F), with similar colors , Do not bleach, Tumble dry: low heat, Iron, steam or dry: low heat, Do not dryclean",13.33,GBP,46953,"garage_dad_shirt,mechanic_dad_tee,diy_dad_shirt,fixing_things_tee,funny_dad_shirt,fathers_day_shirt,dad_gift_idea,mens_funny_tee,garage_life_shirt,car_guy_shirt,handyman_shirt,tool_dad_shirt,dad_hobby_shirt",,https://i.etsystatic.com/63847702/r/il/a35873/7911433688/il_fullxfull.7911433688_pqhy.jpg,https://i.etsystatic.com/63847702/r/il/5eca79/7911433954/il_fullxfull.7911433954_lqcs.jpg,https://i.etsystatic.com/63847702/r/il/1b7c53/7959387049/il_fullxfull.7959387049_qqjg.jpg,https://i.etsystatic.com/63847702/r/il/8016d5/7959387585/il_fullxfull.7959387585_3sqb.jpg,https://i.etsystatic.com/63847702/r/il/c9c247/7959388253/il_fullxfull.7959388253_25lg.jpg,https://i.etsystatic.com/63847702/r/il/7b1388/7911436078/il_fullxfull.7911436078_7tkp.jpg,https://i.etsystatic.com/63847702/r/il/41a881/7959388977/il_fullxfull.7959388977_sv28.jpg,https://i.etsystatic.com/63847702/r/il/c80654/7911436688/il_fullxfull.7911436688_q2qp.jpg,https://i.etsystatic.com/63847702/r/il/c7c9b5/7959389639/il_fullxfull.7959389639_hgiq.jpg,https://i.etsystatic.com/63847702/r/il/d1aca3/7911437340/il_fullxfull.7911437340_8xra.jpg,"Custom Property",Colors,"Charcoal,Navy,Royal,Sport Grey,White,Black,Forest Green,Dark Heather,Graphite Heather","Custom Property",Sizes,"S,M,L,XL,2XL,3XL","27939725349625199711,22447757715437164822,12949916960209969998,63364924536056095053,unavailable_sku,30878582824192469773,33084181486649931780,67852093444928555065,16098789426594965888,18929112918915917980,27424933104721606164,73045496974757536610,37880861916567915849,16576571538608458827,31840094979276514478,63148942540231071189,18336086654078229880,27731406221097449892,94251797699444165416,23730120234288587523,15771967843117428403,12655870204251813604,25557181460803027346,11061861032611234794,15041272742383365097,20517082032273879899,47673843991008998502,11046609636224462815,10161149830581532751,97257367861124733011,30417314131327480620,89511569698213471639,11098560913423849203,17415109692895237361,53748378824222461966,92168235436721908314,57630937474975248963,49867948809911065857,17829003235769018463,24778360624651595258,28117097294996069383,32917559893311309839,21666653037010822049,63706170465564202808,18196833800988767152,16841733300176870021,15229214640627304597,22325480309594251899"
"Dad Joke Mode Activated Mug Funny Fathers Day Gift Dad Coffee Mug Dad Joke Gift for Dad 11oz 15oz","Bring a bit of humour to his morning routine with this “Dad Joke Mode Activated” mug. Perfect for dads who cannot resist a classic dad joke, this design features a clean, bold layout with a loading bar graphic that adds a fun and relatable touch.

Whether it is for Father’s Day, a birthday, or just because, this mug is a practical and funny gift that any dad will enjoy using every day. Ideal for coffee, tea, or those moments when another dad joke is loading.

Perfect for:

Father’s Day gifts
Funny dad gifts
Birthday gifts for dad
Husband gifts
Dad joke lovers

Product Features

White ceramic with a smooth glossy finish
Available in 11oz and 15oz sizes
Comfortable C shaped handle for easy grip
Lead and BPA free for safe daily use
High quality print for long lasting design

Care Instructions

Dishwasher safe
Hand wash with warm water and dish soap recommended for longevity

Why this makes a great gift

Funny and relatable design
Clean, bold typography for easy reading
Practical everyday use
Perfect match with dad themed apparel

EU representative: HONSON VENTURES LIMITED, gpsr@honsonventures.com, 3, Gnaftis House flat 102, Limassol, Mesa Geitonia, 4003, CY
Product information: ORCA Coatings, 2 year warranty in EU and Northern Ireland as per Directive 1999/44/EC
Warnings, Hazard: For adults, Blank product sourced from China
Care instructions: Clean in dishwasher or wash by hand with warm water and dish soap",7.16,GBP,1998,"dad_joke_mug,funny_dad_mug,fathers_day_mug,dad_coffee_mug,gift_for_dad,dad_humor_mug,dad_joke_gift,husband_gift_mug,dad_gift_idea,funny_fathers_day,coffee_mug_dad,dad_life_mug,joke_gift_dad",Ceramic,https://i.etsystatic.com/63847702/r/il/f2c7ae/7958968775/il_fullxfull.7958968775_6jbt.jpg,https://i.etsystatic.com/63847702/r/il/da3ef6/7958971201/il_fullxfull.7958971201_1kky.jpg,https://i.etsystatic.com/63847702/r/il/98f411/7958633701/il_fullxfull.7958633701_kkh6.jpg,https://i.etsystatic.com/63847702/r/il/eb3bab/7958618659/il_fullxfull.7958618659_4u0l.jpg,https://i.etsystatic.com/63847702/r/il/04affa/7958618231/il_fullxfull.7958618231_r9ox.jpg,https://i.etsystatic.com/63847702/r/il/072360/7910756692/il_fullxfull.7910756692_p3b0.jpg,https://i.etsystatic.com/63847702/r/il/2f564b/7910757110/il_fullxfull.7910757110_swaz.jpg,https://i.etsystatic.com/63847702/r/il/b55455/7958712009/il_fullxfull.7958712009_tnht.jpg,https://i.etsystatic.com/63847702/r/il/aaf16c/7910667756/il_fullxfull.7910667756_fn8o.jpg,https://i.etsystatic.com/63847702/r/il/9f2d57/7910668168/il_fullxfull.7910668168_sg0y.jpg,"Custom Property",Sizes,"11oz,15oz",,,,"68592098365926107367,18651582198965016093"
"Dad Joke Mode Activated T Shirt Funny Fathers Day Gift Dad Shirt New Dad Gift 2026 Dad Tee Dad Humor Shirt","Bring the laughs this Father’s Day with this “Dad Joke Mode Activated” t shirt, designed for dads who never miss a chance to deliver a classic groan worthy joke. Featuring a clean, bold design with a loading bar graphic, this shirt is perfect for new dads, seasoned pros, and anyone proudly embracing dad humour.

Ideal as a Father’s Day gift, birthday present, or a fun surprise for a new dad in 2026. This design is easy to read, stylish, and guaranteed to get a reaction.

Perfect for:

Father’s Day gifts
New dad announcements 2026
Birthday gifts for dad
Husband gifts
Funny family occasions

Product Features

The Gildan Softstyle 64000 offers a modern unisex fit with soft, breathable fabric for all day comfort.

Made from 100% ring spun cotton for a soft feel
Lightweight fabric, 4.5 oz or 153 g per m²
Classic fit with crew neckline for versatile wear
No side seams for a cleaner look
Ribbed collar helps maintain shape
Tear away label for comfort
Ethically produced cotton with Oeko Tex certification

Fabric blends:

Heather colours 35% cotton 65% polyester
Sport Grey and Antique colours 90% cotton 10% polyester
Graphite Heather 50% cotton 50% polyester

Care Instructions

Machine wash cold with similar colours
Do not bleach
Tumble dry low
Iron on low heat
Do not dry clean

Notes

White shirts may appear slightly off white due to fabric properties
Sleeve prints and neck labels may use DTF printing depending on provider

EU representative: HONSON VENTURES LIMITED, gpsr@honsonventures.com, 3, Gnaftis House flat 102, Limassol, Mesa Geitonia, 4003, CY
Product information: Gildan 64000, 2 year warranty in EU and Northern Ireland as per Directive 1999/44/EC
Warnings, Hazard: For adults, Made in Bangladesh
Care instructions: Machine wash: cold (max 30C or 90F), with similar colors , Do not bleach, Tumble dry: low heat, Iron, steam or dry: low heat, Do not dryclean",13.33,GBP,52947,,,https://i.etsystatic.com/63847702/r/il/606edc/7959388189/il_fullxfull.7959388189_6fb9.jpg,https://i.etsystatic.com/63847702/r/il/ff8536/7911411054/il_fullxfull.7911411054_nu1j.jpg,https://i.etsystatic.com/63847702/r/il/a07d52/7959364565/il_fullxfull.7959364565_6yl3.jpg,https://i.etsystatic.com/63847702/r/il/2c6efe/7959364913/il_fullxfull.7959364913_a0t3.jpg,https://i.etsystatic.com/63847702/r/il/a3013c/7959365209/il_fullxfull.7959365209_thxo.jpg,https://i.etsystatic.com/63847702/r/il/8ab9c4/7959365485/il_fullxfull.7959365485_tes1.jpg,https://i.etsystatic.com/63847702/r/il/664429/7911412732/il_fullxfull.7911412732_oj18.jpg,https://i.etsystatic.com/63847702/r/il/2e6e9b/7911413066/il_fullxfull.7911413066_cv3z.jpg,https://i.etsystatic.com/63847702/r/il/60b771/7911413406/il_fullxfull.7911413406_hxaf.jpg,https://i.etsystatic.com/63847702/r/il/1d4afe/7911413788/il_fullxfull.7911413788_ly0l.jpg,"Custom Property",Colors,"Navy,Sport Grey,White,Black,Military Green,Dark Heather,Natural,Dark Heather Grey","Custom Property",Sizes,"S,M,L,XL,2XL,3XL,4XL,5XL","15051759982433420035,11182648270838114972,15696991324876410797,15095582587798916439,69154398807321183214,16066456140563815563,19155412342561476626,12520186658524365739,19747675381243117233,31285352495375050601,unavailable_sku,12409047841748597286,18251435972199960477,14832819986637774463,15201372143828422323,20745961276366616151,75045074622960701478,30259924644216581674,12622922861591079789,11318950831271217575,26304438985534325799,18619738254727974356,71463372676234531838,20358719149266148732,10705568823345257813,24907155469261269956,26284945807382421628,68233731528577157495,28980398199438297380,21043607202329391622,42430542627007321852,67581665033524468260,17909072179572334152,12599670941592749809,21733174088507265798,15047336557895160419,30325595703116688223,18764775894333324343,18117175528710927753,32974711113785753985,23121620207533865076,19460949873180155062,27581708223993387278,15549205894239437087,96929028509682758491,32889841336292632482,24443776714545676042,11713696930529276605,23819441141600667412,68381775617849319973,10905308740240142337,20675408443062196434,32415105390514859848,30110684716171138085"
"Promoted to Dad 2026 Mug, New Dad Gift, First Fathers Day Mug, Dad To Be Coffee Cup, Pregnancy Announcement Gift, Gift for New Father","Celebrate the biggest promotion of all with this bold and clean “Promoted to Dad 2026” mug. Designed in a strong badge style, this coffee cup is the perfect gift for new dads, dads to be, or anyone celebrating their first Father’s Day.

The minimalist shield design gives it a modern, masculine feel that stands out without being over the top. Ideal for pregnancy announcements, baby reveals, or as a thoughtful everyday reminder of an exciting new chapter.

Crafted from high quality white ceramic with a glossy finish, this mug delivers a crisp, vibrant print and a comfortable grip for daily use.

Key features:

Premium white ceramic with glossy finish
Available in 11oz and 15oz sizes
Comfortable C shaped handle
Lead and BPA free
Durable, high quality print

Perfect for:

First Father’s Day gifts
New dad announcements
Baby reveal surprises
Daily coffee or tea

A simple, meaningful gift that marks a life changing moment.

EU representative: HONSON VENTURES LIMITED, gpsr@honsonventures.com, 3, Gnaftis House flat 102, Limassol, Mesa Geitonia, 4003, CY
Product information: ORCA Coatings, 2 year warranty in EU and Northern Ireland as per Directive 1999/44/EC
Warnings, Hazard: For adults, Blank product sourced from China
Care instructions: Clean in dishwasher or wash by hand with warm water and dish soap",7.16,GBP,999,"promoted_to_dad,new_dad_mug,dad_to_be_gift,fathers_day_mug,dad_2026_mug,new_dad_gift,dad_announcement,baby_reveal_gift,dad_coffee_mug,first_dad_gift,mens_gift_idea,dad_gift_mug,funny_dad_mug",,https://i.etsystatic.com/63847702/r/il/f30094/7952231389/il_fullxfull.7952231389_fai2.jpg,https://i.etsystatic.com/63847702/r/il/37f259/7952231815/il_fullxfull.7952231815_b9to.jpg,https://i.etsystatic.com/63847702/r/il/0f27b0/7952232141/il_fullxfull.7952232141_s61g.jpg,https://i.etsystatic.com/63847702/r/il/513dd9/7952232609/il_fullxfull.7952232609_4nns.jpg,https://i.etsystatic.com/63847702/r/il/584045/7904279120/il_fullxfull.7904279120_i9tm.jpg,https://i.etsystatic.com/63847702/r/il/7038e0/7904279692/il_fullxfull.7904279692_qexj.jpg,,,,,,,,,,,10168491825361680194
"Promoted to Dad 2026 Shirt, New Dad Gift T Shirt, First Fathers Day Gift, Dad To Be Announcement, Funny Dad Shirt, Mens Gift Idea","Celebrate the biggest promotion of all with this clean and bold “Promoted to Dad 2026” t shirt. Designed with a strong badge style layout, this shirt makes the perfect gift for new dads, dads to be, or anyone celebrating their first Father’s Day.

The minimalist shield design gives it a premium, masculine look that stands out without being over the top. Ideal for pregnancy announcements, baby reveals, or as a thoughtful gift from partner or family.

Made using the Gildan Softstyle 64000, this t shirt offers a modern fit with ultra soft fabric for all day comfort.

Key features:

Lightweight ring spun cotton for a soft feel
Classic unisex fit suitable for all body types
Durable print designed to last
Tear away label for added comfort

Perfect for:

First Father’s Day gifts
New dad announcements
Baby reveal photos
Everyday casual wear

A simple design with a strong message that every new dad will appreciate.

EU representative: HONSON VENTURES LIMITED, gpsr@honsonventures.com, 3, Gnaftis House flat 102, Limassol, Mesa Geitonia, 4003, CY
Product information: Gildan 64000, 2 year warranty in EU and Northern Ireland as per Directive 1999/44/EC
Warnings, Hazard: For adults, Made in Bangladesh
Care instructions: Machine wash: cold (max 30C or 90F), with similar colors , Do not bleach, Tumble dry: low heat, Iron, steam or dry: low heat, Do not dryclean",11.08,GBP,54945,"promoted_to_dad,new_dad_shirt,dad_to_be_gift,first_fathers_day,fathers_day_gift,dad_2026_shirt,new_dad_gift,dad_announcement,baby_reveal_dad,funny_dad_shirt,mens_gift_idea,dad_tshirt,dad_gift_idea",,https://i.etsystatic.com/63847702/r/il/02d1af/7952218639/il_fullxfull.7952218639_nxx8.jpg,https://i.etsystatic.com/63847702/r/il/952db6/7952215271/il_fullxfull.7952215271_3vyc.jpg,https://i.etsystatic.com/63847702/r/il/daabd5/7904258300/il_fullxfull.7904258300_4bx9.jpg,https://i.etsystatic.com/63847702/r/il/a0706a/7952211253/il_fullxfull.7952211253_f7nv.jpg,https://i.etsystatic.com/63847702/r/il/f48070/7904260400/il_fullxfull.7904260400_5lh4.jpg,https://i.etsystatic.com/63847702/r/il/9da6ab/7904258010/il_fullxfull.7904258010_ffo5.jpg,https://i.etsystatic.com/63847702/r/il/d82614/7952212701/il_fullxfull.7952212701_f18z.jpg,https://i.etsystatic.com/63847702/r/il/8e2b5c/7904259220/il_fullxfull.7904259220_bu5s.jpg,https://i.etsystatic.com/63847702/r/il/899596/7952213149/il_fullxfull.7952213149_7swq.jpg,https://i.etsystatic.com/63847702/r/il/8c683d/7904259680/il_fullxfull.7904259680_3h9t.jpg,"Custom Property",Colors,"Navy,Royal,Sport Grey,White,Black,Military Green,Dark Heather,Dark Heather Grey","Custom Property",Sizes,"S,M,L,XL,2XL,3XL,4XL,5XL","28695386326669468887,30267757013760645441,17598310370752835023,32028007077284656868,12119734036148179077,17277653653211114097,49456277356506228033,31709912853135110346,25616365190010487435,15526631964977260523,29393167812640283803,unavailable_sku,48562682990282398579,27808739873244789270,29727774654787223394,22543222184562886167,50178377500546701806,13694552103438638814,18200116212813410718,14998968350726510228,25972706556011138198,88721823152347584469,86187625464496111548,55462526193466917906,14388552124359340438,12851286131479119556,13805041483343008923,32508870894297895276,53776882027868669957,33136916318519923185,30113689843947675420,16146756842507118693,23936024920667439817,14411414180407696479,17865193707106111418,31419978471454040737,11635756097537538156,83514305032982986659,23954331343284097379,71092658453130037695,23985381705092782461,23835264501003282267,33767504212568109497,13579725876076097489,16040289498161621213,23020870202745092219,24774629541362119626,33853772305089708109,30942044262819016896,27314103736520453525,33026294910394580050,17597048087719650817,28852019826142229439,17419849775211446395,39760944302264864872,57311217208318235538"
"Grill Master Dad T Shirt Funny BBQ Dad Shirt Fathers Day Gift for Dad BBQ King Shirt Summer Cookout Tee Gift for Him","Celebrate the ultimate BBQ legend with this Grill Master Dad t shirt, designed for dads who rule the grill. Featuring a fun and bold sausage chef graphic with flames, this shirt is the perfect mix of humour and style for summer cookouts, backyard BBQs, and Father’s Day.

Whether he is flipping burgers, grilling sausages, or just enjoying a cold drink by the barbecue, this tee makes a great gift for any dad who takes pride in his grill skills. It is ideal for Father’s Day, birthdays, or just because.

Made using the Gildan Softstyle 64000, this unisex t shirt offers a modern fit with ultra soft comfort. The lightweight ring spun cotton feels great all year round, making it perfect for warm summer days or layering.

Key features:

Funny Grill Master Dad design with BBQ theme
Perfect Father’s Day gift for dads who love grilling
Soft, breathable and lightweight fabric
Classic fit suitable for everyday wear
Durable print designed to last

This shirt is a great choice for BBQ lovers, grill enthusiasts, and proud dads who enjoy cooking outdoors.

EU representative: HONSON VENTURES LIMITED, gpsr@honsonventures.com, 3, Gnaftis House flat 102, Limassol, Mesa Geitonia, 4003, CY
Product information: Gildan 64000, 2 year warranty in EU and Northern Ireland as per Directive 1999/44/EC
Warnings, Hazard: For adults, Made in Bangladesh
Care instructions: Machine wash: cold (max 30C or 90F), with similar colors , Do not bleach, Tumble dry: low heat, Iron, steam or dry: low heat, Do not dryclean",13.33,GBP,41958,"grill_master_dad,bbq_dad_shirt,fathers_day_shirt,bbq_king_shirt,dad_gift_idea,funny_dad_shirt,grill_dad_gift,bbq_lover_gift,dad_birthday_gift,cookout_shirt,summer_dad_shirt,grilling_shirt,gift_for_dad",,https://i.etsystatic.com/63847702/r/il/9c05c3/7989471649/il_fullxfull.7989471649_6sae.jpg,https://i.etsystatic.com/63847702/r/il/8c05b4/7911430424/il_fullxfull.7911430424_qscn.jpg,https://i.etsystatic.com/63847702/r/il/24970d/7959383565/il_fullxfull.7959383565_3hnd.jpg,https://i.etsystatic.com/63847702/r/il/6ef47d/7911431250/il_fullxfull.7911431250_f1gv.jpg,https://i.etsystatic.com/63847702/r/il/e7d8e8/7959384343/il_fullxfull.7959384343_pjl0.jpg,https://i.etsystatic.com/63847702/r/il/9c3b68/7959384695/il_fullxfull.7959384695_8wmj.jpg,https://i.etsystatic.com/63847702/r/il/6f9606/7911432292/il_fullxfull.7911432292_ghjm.jpg,https://i.etsystatic.com/63847702/r/il/a44c83/7911432992/il_fullxfull.7911432992_4ecx.jpg,https://i.etsystatic.com/63847702/r/il/af4012/7959386169/il_fullxfull.7959386169_cu9c.jpg,,"Custom Property",Colors,"Royal,Sport Grey,White,Black,Military Green,Dark Heather Grey","Custom Property",Sizes,"S,M,L,XL,2XL,3XL,4XL,5XL","29427919210259576511,93578468189312218680,66855478502553904438,12168051353051248713,11716892212087371278,61931110125858064802,unavailable_sku,13499925061594889015,20407595528160137586,31625791268959036104,18135997894344169585,33356814043696525539,47310610831922200999,31382844671836568644,80988113785643959962,36372649891575557268,69238476392632722231,12009463454210765457,20020004502880781569,31044464806826468254,37965896560967883865,78300662571556796776,13588128441228524523,26031803017193083698,13519183662429031970,40882583751173694370,81075528946798195050,49911800769830747515,20247348185947063963,24665413217622198278,10052224314962633617,83026973731049074364,23279879416144016163,28637881760622897375,15637363773619720605,98497933528234319957,23746469657984892924,26424265510710349375,26648357758406514465,14782253679992482052,64671127037857082880,28732887254615906718,15597953321772041347"
"Boxer Dog Dad T-Shirt: Funny Boxer Owner Gift, Pet Lover Tee","Celebrate your love for your four legged best friend with this bold and playful Boxer Dog Dad t shirt. Featuring a striking boxer dog design with clean typography, this tee is perfect for proud dog dads who want to show off their personality and their pup.

Designed for everyday comfort and style, this shirt works perfectly for casual wear, dog walks, weekends, or relaxing at home. It also makes a great gift for birthdays, Fathers Day, or any occasion for dog lovers.

This unisex softstyle t shirt uses the trusted Gildan 64000, known for its lightweight feel and modern fit.

Product features

Soft and breathable fabric for all day comfort
Classic fit suitable for everyday wear
Durable print with strong visual contrast
Ideal for dog lovers and casual outfits

Fabric details

100 percent ring spun cotton for solid colours
Lightweight fabric perfect for year round wear
Ethically produced with quality assurance standards

Perfect for

Boxer dog owners
Dog dads
Pet lovers
Gifts for Fathers Day or birthdays

EU representative: HONSON VENTURES LIMITED, gpsr@honsonventures.com, 3, Gnaftis House flat 102, Limassol, Mesa Geitonia, 4003, CY
Product information: Gildan 64000, 2 year warranty in EU and Northern Ireland as per Directive 1999/44/EC
Warnings, Hazard: For adults, Made in Bangladesh
Care instructions: Machine wash: cold (max 30C or 90F), with similar colors , Do not bleach, Tumble dry: low heat, Iron, steam or dry: low heat, Do not dryclean",11.39,GBP,41958,"boxer_dog_shirt,dog_dad_tshirt,boxer_dad_gift,dog_lover_tee,pet_lover_shirt,mens_dog_shirt,fathers_day_gift,boxer_owner_gift,funny_dog_shirt,dog_dad_gift,puppy_lover_tee,animal_lover_tee,gift_for_dog_dad",,https://i.etsystatic.com/63847702/r/il/d38324/7951835257/il_fullxfull.7951835257_jph8.jpg,https://i.etsystatic.com/63847702/r/il/6aadd4/7951843523/il_fullxfull.7951843523_bgbs.jpg,https://i.etsystatic.com/63847702/r/il/2dd7cb/7901327282/il_fullxfull.7901327282_qb4v.jpg,https://i.etsystatic.com/63847702/r/il/0874ca/7901305412/il_fullxfull.7901305412_95ae.jpg,https://i.etsystatic.com/63847702/r/il/01fb25/7949256503/il_fullxfull.7949256503_f6ji.jpg,https://i.etsystatic.com/63847702/r/il/1594a0/7949257051/il_fullxfull.7949257051_3m9a.jpg,https://i.etsystatic.com/63847702/r/il/8ada61/7949257241/il_fullxfull.7949257241_cs9k.jpg,https://i.etsystatic.com/63847702/r/il/986185/7901306622/il_fullxfull.7901306622_qc8s.jpg,https://i.etsystatic.com/63847702/r/il/1b46fa/7901306918/il_fullxfull.7901306918_an46.jpg,https://i.etsystatic.com/63847702/r/il/0baad0/7949257999/il_fullxfull.7949257999_ex0g.jpg,"Custom Property",Colors,"Navy,Sport Grey,White,Black,Military Green,Dark Heather","Custom Property",Sizes,"S,M,L,XL,2XL,3XL,4XL,5XL","50779348826287400612,11346504519781708843,unavailable_sku,10540150574023889035,20993257053524694775,18774448909269696327,28065656167938985942,25358979968944568098,12482302579147574844,25394435311267432869,96342618673986977387,60162221508639390281,26850866612754888308,57939133855734464274,83969132462013080343,39144057725961929397,19077047036303592473,29403984901882846892,28224193761319529527,20199110637046253892,14267365096022798823,11076841597004609914,12858731916115429665,18761316536128144390,12464575940031304255,73758133545935932059,19217765226155158249,86017407790195269288,28271546730363619455,98809634480587311981,34511715626257173287,30494844075430572961,32715225521446702520,43468438468531299306,16989074330562041006,49157636745913932541,19801666114103694704,75541576937314822775,14340974321766466789,26661067247442959807,30351991943993742841,24359930638190313513,14688018054811647260"
"Absence Makes the Heart Grow Fonder Funny T Shirt Sarcastic Quote Humor Tee Unisex","Absence makes the heart grow fonder… just saying. This tongue in cheek graphic tee delivers dry humour with a playful edge, perfect for friends, relationships and everyday banter.

Featuring a bold text layout with a soft heart graphic, this shirt balances sarcasm with a light, relatable message. Easy to wear and easy to get a reaction.

Made with a soft, lightweight unisex fit, it is comfortable for daily wear and pairs well with casual outfits, making it a great gift or conversation starter.

Disclaimer:
- Due to the fabric properties, the White color variant may appear off-white rather than bright white.
- Sleeve prints and neck labels are produced using DTF (Direct-to-Film) printing technology. This applies only to products fulfilled by the print providers OPT OnDemand and Shirt Monkey among the providers offering this item.
.: Made with 100% ring-spun cotton, the Gildan 64000 from the Gildan Softstyle® collection is a lightweight fabric (4.5 oz/yd² (153 g/m²)) that feels blissful to wear all year round. 
.: The classic fit with the crew neckline deliver a clean, versatile style that can match any occasion, whether it's formal or semi-formal. 
.: All shirts feature a pearlized, tear-away label for total wearing comfort. 
.: Made using ethically grown and harvested US cotton. Gildan is also a proud member of the US Cotton Trust Protocol ensuring ethical and sustainable means of production. This blank tee is certified by Oeko-Tex for safety and quality assurance.
.: Fabric blends: Heather colors - 35% ring-spun cotton, 65% polyester;  Sport Grey and Antique colors - 90% cotton, 10% polyester, Graphite Heather - 50% ring-spun cotton, 50% polyester

EU representative: HONSON VENTURES LIMITED, gpsr@honsonventures.com, 3, Gnaftis House flat 102, Limassol, Mesa Geitonia, 4003, CY
Product information: Gildan 64000, 2 year warranty in EU and Northern Ireland as per Directive 1999/44/EC
Warnings, Hazard: For adults, Made in Bangladesh
Care instructions: Machine wash: cold (max 30C or 90F), with similar colors , Do not bleach, Tumble dry: low heat, Iron, steam or dry: low heat, Do not dryclean",13.33,GBP,41958,"funny_quote_tee,sarcastic_tshirt,humor_t_shirt,funny_gift_tee,cheeky_shirt,joke_tshirt,friend_humor_tee,funny_slogan_tee,casual_humor_top,witty_quote_shirt,gag_gift_shirt,novelty_tshirt,funny_relationship",,https://i.etsystatic.com/63847702/r/il/9b49a6/7911352130/il_fullxfull.7911352130_eq5t.jpg,https://i.etsystatic.com/63847702/r/il/e9c51f/7959305101/il_fullxfull.7959305101_7ecu.jpg,https://i.etsystatic.com/63847702/r/il/ba15de/7959305455/il_fullxfull.7959305455_5ryu.jpg,https://i.etsystatic.com/63847702/r/il/d0f3f9/7959305789/il_fullxfull.7959305789_67sg.jpg,https://i.etsystatic.com/63847702/r/il/0f1769/7911353538/il_fullxfull.7911353538_23lr.jpg,https://i.etsystatic.com/63847702/r/il/da5128/7911353868/il_fullxfull.7911353868_jzr6.jpg,,,,,"Custom Property",Colors,"Navy,Sport Grey,White,Black,Military Green,Dark Heather","Custom Property",Sizes,"S,M,L,XL,2XL,3XL,4XL,5XL","17651044761247635464,33092610801413827427,32328570735074042936,unavailable_sku,33518937894654650717,11503397105204071799,96435911808848357591,15343369535831819513,24875157341393389515,15194400576629933627,16212334544965613172,28171670889921336585,29447729705900574338,11850677678744448728,29127016837168368158,26500302055085981492,88084388848562800644,23388735372688970584,38349508718075097714,17220248006431336220,12173229290647826828,21528097003997351990,17931592473622388655,45092077948720219840,17048855273998415907,22770852654786248385,12328188001629079034,23283720708688167145,33113533049531298424,25948825622072621360,60010149306924312228,28974465903910655681,18694981965143407467,10584561744065242633,15729891229828610153,19759534116646772293,15194297630678707751,28058971232685200047,79142052861134425667,22469635096579850079,32855659997527283692,27850535858237703697,30550316860857171910"
"Feeling Fruit - Upside Down pineapple - Unisex Heavy Cotton Tee","The Gildan 5000 heavy cotton tee is a dependable classic made for everyday wear and custom printing. Its 100% cotton fabric is tightly knit to give designs sharper detail and long-lasting color. The seamless body eliminates side seams for a smoother fit, while reinforced shoulders keep the shirt in shape through repeated washes. Durable, comfortable, and print-friendly, the Gildan 5000 is a trusted staple for personalized apparel.

Disclaimer:
- Due to the fabric properties, the White color variant may appear off-white rather than bright white.
- Sleeve prints and neck labels are produced using DTF (Direct-to-Film) printing technology. This applies only to products fulfilled by the print providers OPT OnDemand and Shirt Monkey among the providers offering this item.
.: The Gildan 5000 is made with medium fabric (5.3 oz/yd² / 180 g/m²) consisting of 100% cotton, offering year-round comfort with lasting durability.
.: The classic fit of this shirt ensures a comfy, relaxed wear while the crew neckline adds that neat, timeless look that can blend into any occasion, casual or semi-formal.
.: The tear-away label means a scratch-free experience with no irritation or discomfort whatsoever.
.: Made using 100% US cotton that is ethically grown and harvested. Gildan is also a proud member of the US Cotton Trust Protocol ensuring ethical and sustainable means of production. This blank tee is certified by Oeko-Tex for safety and quality assurance.",11.08,GBP,47952,,,https://i.etsystatic.com/63847702/r/il/77db34/7898206744/il_fullxfull.7898206744_p1n2.jpg,https://i.etsystatic.com/63847702/r/il/46aae9/7946157921/il_fullxfull.7946157921_716b.jpg,https://i.etsystatic.com/63847702/r/il/1877dd/7946158291/il_fullxfull.7946158291_fqnm.jpg,https://i.etsystatic.com/63847702/r/il/bf99c2/7946158687/il_fullxfull.7946158687_rkjg.jpg,https://i.etsystatic.com/63847702/r/il/215e89/7898197762/il_fullxfull.7898197762_3asm.jpg,https://i.etsystatic.com/63847702/r/il/02d088/7946160277/il_fullxfull.7946160277_t2hz.jpg,https://i.etsystatic.com/63847702/r/il/e8adf9/7946161475/il_fullxfull.7946161475_b599.jpg,https://i.etsystatic.com/63847702/r/il/6265e7/7898201728/il_fullxfull.7898201728_gee6.jpg,https://i.etsystatic.com/63847702/r/il/cfe99b/7946164361/il_fullxfull.7946164361_8zd6.jpg,https://i.etsystatic.com/63847702/r/il/37a805/7898204656/il_fullxfull.7898204656_eot4.jpg,"Custom Property",Colors,"Navy,Sport Grey,White,Black,Military Green,Dark Heather,Dark Heather Grey","Custom Property",Sizes,"S,M,L,XL,2XL,3XL,4XL,5XL","18616409795753699724,23104870324671848659,unavailable_sku,16715678283684546310,33997869238054467438,33238667062972491028,18512801224431911011,16163878069645154925,93714435644729080081,31130095269484780512,32404318165909750220,27469303747947907413,43078433244484333352,23055416132067953694,30983274548511803608,14076627298773851030,16236327702462986222,85486110105947043437,26261524683142521756,81188111796554045242,26752172351813825446,22945880453413989206,27147582830517023591,28001838042922284294,22348609625225582447,13104235971025660285,25664160359909769064,12970265506615516163,20625051577244295274,20943803356792921060,25614421691446564157,29214269836588395465,16920320445906468241,50195414653068321591,18563851257768966285,22530484946675525580,24242224590531755679,20435263328061250132,63232499614393708425,30321214510257351391,78458059839099318939,31558753206092361084,40171245958443048497,29341972500877478385,29694185775035212802,10503668902636476307,86231389521298551206,31362937926654829623,32375798877424988139"
"Niente Fretta Italian Quote T-Shirt: Relaxed Lifestyle, Minimalist Summer Tee","A simple phrase with a calm message.

This Niente Fretta t shirt is designed for those who prefer to slow things down. Clean, minimal and easy to wear, it reflects a relaxed mindset without needing to say too much.

The soft handwritten style and freehand underline give it a natural, effortless feel. It works for everyday wear, holidays, or laid back summer days where comfort and simplicity matter most.

Meaning of Niente Fretta
Italian for no rush. A reminder to take your time and enjoy the moment.

This design is ideal for those who value slow living, minimal style and quiet confidence.

Product details
Unisex fit designed for comfort
Soft cotton feel for everyday wear
Lightweight and breathable fabric
Durable print for long lasting use
Available in multiple colours

Perfect for
Relaxed summer outfits
Travel and holidays
Minimalist fashion
Italian phrase lovers
Thoughtful gifts

This is more than a graphic tee. It is a mindset you wear.

EU representative: HONSON VENTURES LIMITED, gpsr@honsonventures.com, 3, Gnaftis House flat 102, Limassol, Mesa Geitonia, 4003, CY
Product information: Gildan 64000, 2 year warranty in EU and Northern Ireland as per Directive 1999/44/EC
Warnings, Hazard: For adults, Made in Bangladesh
Care instructions: Machine wash: cold (max 30C or 90F), with similar colors , Do not bleach, Tumble dry: low heat, Iron, steam or dry: low heat, Do not dryclean",11.39,GBP,39960,"niente_fretta,italian_tshirt,italian_quote_tee,slow_living_tee,minimalist_tshirt,relaxed_style_tee,summer_tshirt,statement_tshirt,casual_outfit_tee,unisex_tshirt,graphic_tee,italian_phrase_tee,calm_lifestyle_tee",,https://i.etsystatic.com/63847702/r/il/cb90d6/7944030521/il_fullxfull.7944030521_juy8.jpg,https://i.etsystatic.com/63847702/r/il/4158b8/7896072906/il_fullxfull.7896072906_mch4.jpg,https://i.etsystatic.com/63847702/r/il/ee188e/7896073180/il_fullxfull.7896073180_lxfv.jpg,https://i.etsystatic.com/63847702/r/il/c73080/7944031277/il_fullxfull.7944031277_c50u.jpg,https://i.etsystatic.com/63847702/r/il/306c3b/7896073778/il_fullxfull.7896073778_kvlq.jpg,https://i.etsystatic.com/63847702/r/il/f76e65/7896074018/il_fullxfull.7896074018_io8i.jpg,https://i.etsystatic.com/63847702/r/il/6ab573/7944032139/il_fullxfull.7944032139_pa42.jpg,https://i.etsystatic.com/63847702/r/il/5245ff/7896074592/il_fullxfull.7896074592_10r9.jpg,https://i.etsystatic.com/63847702/r/il/9e0bdc/7896074878/il_fullxfull.7896074878_3lrr.jpg,https://i.etsystatic.com/63847702/r/il/417ac5/7944032969/il_fullxfull.7944032969_ta3m.jpg,"Custom Property",Colors,"Navy,Royal,Sport Grey,White,Black,Military Green,Dark Heather,Natural","Custom Property",Sizes,"S,M,L,XL,2XL,3XL","33352525819730720871,27455510389101061278,44838751798017465748,15615638014161709684,15820154916755527593,63851311120928150829,17255095126566241546,15071926844320710039,32296043112622691939,87352418566740990272,54298225947887486351,71926313912175005423,24009577030536310903,15436224724210616362,unavailable_sku,15064082748284275585,85039273480250757468,13705959896620074466,18090160000042611446,13567193138914860752,69768885662979186307,32825690994177477100,24844124123870953508,19932995760382772690,18152949794834220228,31193401746006852271,27916099740282662578,59300322611765398220,62009700802480195292,27113880598968998550,23760944885329429887,33708876156824547601,19086885123117289632,30844472129922556410,10405107136990314000,49813060707127247921,50970675557704025670,20865808384500143926,12541968808615164097,78530635169569481881,41114257469148348880"
"Me Gusta Asi T Shirt: Minimalist Spanish Quote Tee, Relaxed Lifestyle Apparel","A simple statement with quiet confidence.

This Me Gusta Asi t shirt is designed for those who like things their own way. Clean, minimal and easy to wear, it carries a subtle message that feels personal without trying too hard.

The handwritten style keeps it relaxed and natural, making it perfect for everyday wear, holidays or laid back summer days. It pairs effortlessly with jeans, shorts or layered outfits, making it a versatile addition to any wardrobe.

Whether you are drawn to the meaning or just love the aesthetic, this design works because it feels authentic.

Meaning of Me Gusta Asi
Spanish for I like it like this. A simple phrase that reflects confidence, calm and personal preference.

Product details
Unisex fit designed for comfort
Soft cotton feel suitable for daily wear
Lightweight and breathable
Durable print for long lasting use
Available in multiple colours

Perfect for
Summer outfits
Holiday wear
Minimalist fashion lovers
Spanish phrase aesthetic fans
Gift for friends or family

This is not just a graphic tee. It is a personal statement.

EU representative: HONSON VENTURES LIMITED, gpsr@honsonventures.com, 3, Gnaftis House flat 102, Limassol, Mesa Geitonia, 4003, CY
Product information: Gildan 64000, 2 year warranty in EU and Northern Ireland as per Directive 1999/44/EC
Warnings, Hazard: For adults, Made in Bangladesh
Care instructions: Machine wash: cold (max 30C or 90F), with similar colors , Do not bleach, Tumble dry: low heat, Iron, steam or dry: low heat, Do not dryclean",11.39,GBP,45954,"me_gusta_asi,spanish_tshirt,spanish_quote_tee,minimalist_tee,summer_tshirt,relaxed_style_tee,casual_outfit_tee,beach_vibe_shirt,graphic_tee_men,graphic_tee_women,unisex_tshirt,statement_tshirt,latin_phrase_tee",,https://i.etsystatic.com/63847702/r/il/68a412/7945718277/il_fullxfull.7945718277_6a2e.jpg,https://i.etsystatic.com/63847702/r/il/bea527/7897754978/il_fullxfull.7897754978_64rb.jpg,https://i.etsystatic.com/63847702/r/il/c72c4a/7897751664/il_fullxfull.7897751664_6b4q.jpg,https://i.etsystatic.com/63847702/r/il/78fd2e/7945716843/il_fullxfull.7945716843_f8pc.jpg,https://i.etsystatic.com/63847702/r/il/dab6bd/7945713183/il_fullxfull.7945713183_8t9e.jpg,https://i.etsystatic.com/63847702/r/il/70c777/7897752258/il_fullxfull.7897752258_hii9.jpg,https://i.etsystatic.com/63847702/r/il/6fc57b/7945713853/il_fullxfull.7945713853_hdwv.jpg,https://i.etsystatic.com/63847702/r/il/2d7a22/7897752844/il_fullxfull.7897752844_l6m8.jpg,https://i.etsystatic.com/63847702/r/il/98988f/7897753042/il_fullxfull.7897753042_n1pt.jpg,https://i.etsystatic.com/63847702/r/il/9892ce/7897753556/il_fullxfull.7897753556_igvs.jpg,"Custom Property",Colors,"Navy,Red,Royal,Sport Grey,White,Black,Military Green,Dark Heather,Natural","Custom Property",Sizes,"S,M,L,XL,2XL,3XL","25259190761300143887,42865446025951443140,17987048076235610285,16711848491221060509,59906381754841451178,16170715472308213616,31641248463542977485,unavailable_sku,16761711766255633713,53782632990684771496,53454729811990938815,72502264221152349505,32687334745506371247,22466134527077541729,30462081381633080597,37165945400240482350,50075656006543425156,31730652150559472832,21024919135458008892,26454603089384460349,18021653938315653254,16844046578840875255,72731172734519990962,29922601102676840609,74965929411371431548,17087575586526957354,26809625560447446419,30306923148770271064,19669393254637366208,16457041604179584318,28220165577165264881,21428909877488820782,15261835287362379371,41267496427751368363,23338186189372947554,14003864622639877535,36696579065112371755,21921435799687199443,16468700576512763234,10412608589496251100,20373604179592115621,16450209754318086002,16656218238075288385,19440862129970904642,27169561664206113667,75857827037211548575,35219937804089488932"
"Sun Kissed Lips Graphic Tee: Romantic Summer Outfit, Beach Holiday Shirt","Bring effortless summer vibes to your wardrobe with this stylish “Sun Kissed” graphic t shirt. Featuring a bold lip print and playful handwritten style text, this design captures a romantic, carefree feel perfect for warm days, holidays, and beach outings.

Designed for those who love relaxed fashion with a touch of personality, this tee pairs perfectly with shorts, denim, or layered summer looks. Whether you are heading to the beach, on vacation, or just enjoying the sun, this shirt delivers comfort and standout style.

This unisex softstyle t shirt is made using the trusted Gildan 64000, known for its lightweight feel and everyday versatility.

Product features:

Soft and breathable fabric for all day comfort
Classic fit suitable for casual or styled outfits
Durable print with vibrant colour contrast
Ideal for summer, holidays, and gifting

Fabric details:

100 percent ring spun cotton for solid colours
Lightweight fabric suitable for warm weather
Ethically produced with quality assurance standards

Perfect for:

Summer outfits
Beachwear and holidays
Romantic and playful fashion lovers
Gifts for birthdays or special occasions

EU representative: HONSON VENTURES LIMITED, gpsr@honsonventures.com, 3, Gnaftis House flat 102, Limassol, Mesa Geitonia, 4003, CY
Product information: Gildan 5000, 2 year warranty in EU and Northern Ireland as per Directive 1999/44/EC
Warnings, Hazard: For adults, Made in Nicaragua
Care instructions: Machine wash: cold (max 30C or 90F), Non-chlorine: bleach as needed, Tumble dry: low heat, Do not iron, Do not dryclean",10.43,GBP,29970,"sun_kissed_shirt,summer_tshirt,lips_graphic_tee,romantic_shirt,beach_outfit_tee,holiday_tshirt,cute_summer_top,womens_graphic_tee,lip_print_shirt,vacation_outfit,trendy_summer_tee,gift_for_her,aesthetic_tshirt",,https://i.etsystatic.com/63847702/r/il/64f2ec/7948952787/il_fullxfull.7948952787_1p7r.jpg,https://i.etsystatic.com/63847702/r/il/40bb4b/7901001800/il_fullxfull.7901001800_g74r.jpg,https://i.etsystatic.com/63847702/r/il/88843b/7901002150/il_fullxfull.7901002150_ong6.jpg,https://i.etsystatic.com/63847702/r/il/eea414/7901002686/il_fullxfull.7901002686_i372.jpg,https://i.etsystatic.com/63847702/r/il/9433b0/7948955005/il_fullxfull.7948955005_51ea.jpg,https://i.etsystatic.com/63847702/r/il/7182db/7901003438/il_fullxfull.7901003438_hnc9.jpg,https://i.etsystatic.com/63847702/r/il/e67989/7901004168/il_fullxfull.7901004168_fcgu.jpg,https://i.etsystatic.com/63847702/r/il/119d9e/7901004460/il_fullxfull.7901004460_rcuu.jpg,https://i.etsystatic.com/63847702/r/il/c64e51/7901004742/il_fullxfull.7901004742_dy2f.jpg,https://i.etsystatic.com/63847702/r/il/d49e01/7948957223/il_fullxfull.7948957223_cx0a.jpg,"Custom Property",Colors,"Light Blue,Royal,Sport Grey,White,Black","Custom Property",Sizes,"S,M,L,XL,2XL,3XL,4XL","94442321578052248088,22078348076349846626,13136710652477746832,14053358107489504695,33687419405584485131,53944970368159704559,25659804739656112329,14448094373383276302,69085246894671241150,30092645585281755429,15420910921477009811,18979728333607233255,17227686967595222953,76650441318249239574,25303737598266100027,unavailable_sku,28860096148077751788,71643047142255452279,19284086722179695930,61422082892387889555,28498261749519824937,76631101723521995734,16960116571034689567,30034123053251186539,22488721761348465139,10870880701619164820,20161620713452832760,12730413259538244082,31597809776544384760,29474210586353507054,46009465747035384344,59964122097234852720,18846785198953056823"
"Corazón Libre T-Shirt: Heart Wave Graphic Tee, Summer Beach Vacation Outfit","Capture a free spirited summer feeling with this “Corazón Libre” graphic t shirt. Featuring a relaxed handwritten style design with a heart and wave illustration, this tee blends romance and coastal vibes into a clean, wearable look.

Perfect for beach days, holidays, travel outfits, or everyday casual wear, this design is ideal for those who love a light, expressive style with a subtle emotional message. The minimal artwork keeps it versatile while still standing out.

Printed on the Gildan Softstyle 64000, this unisex t shirt offers a soft, lightweight feel with a modern fit designed for comfort all year round.

Product features:

100 percent ring spun cotton for a soft breathable feel
Lightweight fabric ideal for warm weather wear
Classic unisex fit with crew neckline
Durable print with clean line detail
Tear away label for added comfort

A great choice for summer wardrobes, romantic gift ideas, or anyone drawn to relaxed beach inspired fashion.

EU representative: HONSON VENTURES LIMITED, gpsr@honsonventures.com, 3, Gnaftis House flat 102, Limassol, Mesa Geitonia, 4003, CY
Product information: Gildan 64000, 2 year warranty in EU and Northern Ireland as per Directive 1999/44/EC
Warnings, Hazard: For adults, Made in Bangladesh
Care instructions: Machine wash: cold (max 30C or 90F), with similar colors , Do not bleach, Tumble dry: low heat, Iron, steam or dry: low heat, Do not dryclean",11.39,GBP,25974,"spanish_tshirt,corazon_libre,summer_tshirt,beach_tshirt,vacation_shirt,romantic_tee,heart_graphic_tee,graphic_tshirt,unisex_tshirt,travel_outfit,summer_outfit,gift_for_her,cute_summer_tee",,https://i.etsystatic.com/63847702/r/il/11e5ce/7944015889/il_fullxfull.7944015889_4vwz.jpg,https://i.etsystatic.com/63847702/r/il/4bbd5d/7944010661/il_fullxfull.7944010661_npnv.jpg,https://i.etsystatic.com/63847702/r/il/d3d7f9/7944011093/il_fullxfull.7944011093_ir09.jpg,https://i.etsystatic.com/63847702/r/il/750212/7896053622/il_fullxfull.7896053622_brgi.jpg,https://i.etsystatic.com/63847702/r/il/3898ef/7944011651/il_fullxfull.7944011651_ej8z.jpg,https://i.etsystatic.com/63847702/r/il/9975f3/7896054196/il_fullxfull.7896054196_cw2m.jpg,https://i.etsystatic.com/63847702/r/il/98b68c/7896055086/il_fullxfull.7896055086_mfgw.jpg,https://i.etsystatic.com/63847702/r/il/319c10/7944013037/il_fullxfull.7944013037_i656.jpg,https://i.etsystatic.com/63847702/r/il/5e1bc0/7896055870/il_fullxfull.7896055870_tfmm.jpg,https://i.etsystatic.com/63847702/r/il/c99d9a/7944013915/il_fullxfull.7944013915_cwb2.jpg,"Custom Property",Colors,"Daisy,Navy,Sport Grey,Black,Forest Green,White","Custom Property",Sizes,"S,M,L,XL,2XL","22948981732588170332,10948864554102001187,32286317116510461245,29617951311609902988,29806410282261376638,15884340134310652804,27869857879147469139,13004298209750339662,17723511803980892041,28969948786059126692,77389673005299661917,unavailable_sku,16351537320998252992,31100940907145735890,23981737607473763697,31360812272407719778,41499711843862458986,27323694389251559796,30391374848028059446,21747764573136716979,10564190187432168037,84541007083528891082,27301585410776040054,11307061207592844221,22376975947412488494,22762312239672678070,75061656731403705590"
"Love Me Love My Dog – Graphic Tee: Unisex Cotton Line Art Pet Shirt","Show off your love for your four legged best friend with this “Love Me Love My Dog” graphic t shirt. Featuring a detailed line art dog illustration paired with a playful, relatable message, this design is perfect for proud dog owners who know their pet comes first.

Clean, minimal, and easy to style, this tee works for everyday wear, dog walks, casual outings, or relaxed weekends. It also makes a great gift for dog lovers, pet parents, and anyone who treats their dog like family.

Printed on the Gildan Softstyle 64000, this unisex t shirt offers a soft, lightweight feel with a modern fit designed for comfort all year round.

Product features:

100 percent ring spun cotton for a soft breathable feel
Lightweight fabric ideal for everyday wear
Classic unisex fit with crew neckline
Durable print with crisp line art detail
Tear away label for added comfort

Perfect for dog mums, dog dads, and anyone who believes love comes with a wagging tail.

EU representative: HONSON VENTURES LIMITED, gpsr@honsonventures.com, 3, Gnaftis House flat 102, Limassol, Mesa Geitonia, 4003, CY
Product information: Gildan 64000, 2 year warranty in EU and Northern Ireland as per Directive 1999/44/EC
Warnings, Hazard: For adults, Made in Bangladesh
Care instructions: Machine wash: cold (max 30C or 90F), with similar colors , Do not bleach, Tumble dry: low heat, Iron, steam or dry: low heat, Do not dryclean",15.21,GBP,35964,,,https://i.etsystatic.com/63847702/r/il/b553f3/7928406715/il_fullxfull.7928406715_k5q5.jpg,https://i.etsystatic.com/63847702/r/il/e49f11/7928368845/il_fullxfull.7928368845_al16.jpg,https://i.etsystatic.com/63847702/r/il/3f1ed9/7880402858/il_fullxfull.7880402858_ptiu.jpg,https://i.etsystatic.com/63847702/r/il/97da77/7928363699/il_fullxfull.7928363699_5eb9.jpg,https://i.etsystatic.com/63847702/r/il/80b702/7880403422/il_fullxfull.7880403422_17jc.jpg,https://i.etsystatic.com/63847702/r/il/653b8a/7880403708/il_fullxfull.7880403708_gvli.jpg,https://i.etsystatic.com/63847702/r/il/21cc9a/7880404046/il_fullxfull.7880404046_7d3n.jpg,https://i.etsystatic.com/63847702/r/il/ffa8ce/7880404272/il_fullxfull.7880404272_fy0z.jpg,https://i.etsystatic.com/63847702/r/il/11d7d0/7880404514/il_fullxfull.7880404514_nutj.jpg,https://i.etsystatic.com/63847702/r/il/f48d56/7928365243/il_fullxfull.7928365243_hiq5.jpg,"Custom Property",Colors,"Navy,Royal,Sport Grey,White,Black,Dark Heather,Natural","Custom Property",Sizes,"S,M,L,XL,2XL,3XL","77991233876379829876,67854248998669714580,17705426871177366225,31066678016048197386,30340154915826028377,18857799791226297793,29786863564437984246,29684713476026000693,22528654851182438122,30971548550806465094,34915464317107386398,31095284278115283323,25999218917281442609,16614238870537615772,87698323447043880526,61251044285579524999,14212791582759510340,33212581477259349896,19422135745890825614,21796979827363619558,10408556654998711891,68552989075207681202,24663965868953626292,11601458917379701408,29518954464932057508,unavailable_sku,23816689699089609007,23274761279163713313,10915149490736914378,29157334815712067153,21644006123449606768,32631947212593587974,14501684524763048729,21036801136630958747,32276522884774187630,18632595433807493642,32407888484831617333"
"Ciao Estate Italian Summer T-Shirt: Beach Vacation Outfit, Relaxed Holiday Tee","Summer vacation t shirt with relaxed beach vibe and Italian inspired design. Perfect for holiday outfits, beach days, and warm weather styling.

Capture that effortless summer feeling with this “Ciao Estate” graphic t shirt. Inspired by Italian coastal vibes, this design features a clean, playful cocktail illustration paired with relaxed handwritten style typography, perfect for warm days, holidays, and laid back evenings.

Ideal for beach trips, summer parties, travel outfits or everyday casual wear, this tee brings a bright, feel good aesthetic that stands out without trying too hard. Whether you are heading to the coast or just want that holiday mindset, this shirt fits the mood.

Printed on the Gildan Softstyle 64000, this unisex t shirt is lightweight, soft, and designed for all day comfort.

Product features:

100 percent ring spun cotton for a soft breathable feel
Lightweight fabric ideal for summer wear
Classic unisex fit with clean crew neckline
Durable print with crisp design lines
Tear away label for added comfort

Perfect for holidays, beach days, festivals, or as a gift for anyone who loves travel, sunshine, and Italian summer style.

EU representative: HONSON VENTURES LIMITED, gpsr@honsonventures.com, 3, Gnaftis House flat 102, Limassol, Mesa Geitonia, 4003, CY
Product information: Gildan 64000, 2 year warranty in EU and Northern Ireland as per Directive 1999/44/EC
Warnings, Hazard: For adults, Made in Bangladesh
Care instructions: Machine wash: cold (max 30C or 90F), with similar colors , Do not bleach, Tumble dry: low heat, Iron, steam or dry: low heat, Do not dryclean",11.39,GBP,39960,"summer_tshirt,italian_tshirt,ciao_estate,beach_tshirt,vacation_shirt,holiday_tshirt,cocktail_shirt,graphic_tshirt,cute_summer_tee,unisex_tshirt,travel_tshirt,beach_outfit,gift_for_her",,https://i.etsystatic.com/63847702/r/il/b16eac/7946125743/il_fullxfull.7946125743_m8sq.jpg,https://i.etsystatic.com/63847702/r/il/043692/7898163734/il_fullxfull.7898163734_kwn3.jpg,https://i.etsystatic.com/63847702/r/il/402f77/7878595312/il_fullxfull.7878595312_xy24.jpg,https://i.etsystatic.com/63847702/r/il/2a576d/7898166384/il_fullxfull.7898166384_2cr7.jpg,https://i.etsystatic.com/63847702/r/il/662bfc/7946128733/il_fullxfull.7946128733_th17.jpg,https://i.etsystatic.com/63847702/r/il/d0406f/7946130043/il_fullxfull.7946130043_rhq0.jpg,https://i.etsystatic.com/63847702/r/il/b89027/7946131373/il_fullxfull.7946131373_cl56.jpg,https://i.etsystatic.com/63847702/r/il/1d5d0e/7946133061/il_fullxfull.7946133061_9e17.jpg,https://i.etsystatic.com/63847702/r/il/774672/7946134697/il_fullxfull.7946134697_idp7.jpg,https://i.etsystatic.com/63847702/r/il/c1c180/7946135207/il_fullxfull.7946135207_afh9.jpg,"Custom Property",Colors,"Daisy,Navy,Red,Royal,Sport Grey,White,Black,Military Green","Custom Property",Sizes,"S,M,L,XL,2XL","10532258859655792492,18356944266027032662,60188817825116304470,17839283173457180636,30196292177877887719,27430224076437561853,65274979918555470125,53838823014216076720,63114158830992312058,22287955242576900589,41319436903345232963,29430880199060492195,32046919591716197171,25162499888586328586,16944231625514236790,18932436461470121527,70811846741418055727,30751251233668341793,12590547359279146175,45086389794523207425,23843049210120945664,22971001666416146722,18701857251934455815,82370757108379824575,31430815366080190824,23900762095849805026,47828651472965112034,33188183210984816088,15435630169165278903,22523940251404693346,42515450181282863814,69151500634009767337,20954283246024062377,52593336854094090976,47304857418395836830,18832299601161969793,59366087467166343804,28630569474914905749,33151914930187219590,82875843620037149492"
"Tiempo de Fiesta Beach Graphic Tee: Summer Vacation Laundry Line Shirt","Bring a light, playful summer vibe to your wardrobe with this “Tiempo de Fiesta” graphic t shirt. Featuring a fun beach inspired illustration with sun, birds and a cheeky laundry line scene, this design captures that relaxed holiday feeling with a subtle sense of humour.

Perfect for summer days, beach trips, holidays or casual wear, this tee pairs easily with shorts, jeans or layered outfits. It also makes a great gift for travellers, beach lovers or anyone who enjoys a fun and slightly quirky design.

Printed on the Gildan Softstyle 64000, this unisex t shirt offers a soft, lightweight feel with a clean modern fit that works for everyday wear.

Product features:

100 percent ring spun cotton for soft comfort
Lightweight fabric suitable for all seasons
Classic unisex fit with crew neckline
Durable print with vibrant colours
Tear away label for added comfort

This design is ideal for summer holidays, beach outings, festivals or relaxed weekends. A simple statement piece with a playful twist.

EU representative: HONSON VENTURES LIMITED, gpsr@honsonventures.com, 3, Gnaftis House flat 102, Limassol, Mesa Geitonia, 4003, CY
Product information: Gildan 64000, 2 year warranty in EU and Northern Ireland as per Directive 1999/44/EC
Warnings, Hazard: For adults, Made in Bangladesh
Care instructions: Machine wash: cold (max 30C or 90F), with similar colors , Do not bleach, Tumble dry: low heat, Iron, steam or dry: low heat, Do not dryclean",11.39,GBP,27972,,,https://i.etsystatic.com/63847702/r/il/a08fd9/7945839763/il_fullxfull.7945839763_nthy.jpg,https://i.etsystatic.com/63847702/r/il/f74d5e/7945734717/il_fullxfull.7945734717_q7ta.jpg,https://i.etsystatic.com/63847702/r/il/49930c/7897773536/il_fullxfull.7897773536_a15x.jpg,https://i.etsystatic.com/63847702/r/il/8b4651/7945735681/il_fullxfull.7945735681_omdk.jpg,https://i.etsystatic.com/63847702/r/il/f78ab7/7945736569/il_fullxfull.7945736569_ivq7.jpg,https://i.etsystatic.com/63847702/r/il/4730b9/7945737177/il_fullxfull.7945737177_dong.jpg,https://i.etsystatic.com/63847702/r/il/099df4/7897776334/il_fullxfull.7897776334_8t87.jpg,https://i.etsystatic.com/63847702/r/il/b227db/7945738497/il_fullxfull.7945738497_7ga4.jpg,https://i.etsystatic.com/63847702/r/il/17cc8c/7945738989/il_fullxfull.7945738989_6tmg.jpg,,"Custom Property",Colors,"Navy,Sport Grey,White,Black,Forest Green","Custom Property",Sizes,"S,M,L,XL,2XL,3XL,4XL,5XL","71695885103680906325,11367848851952412735,30917339564658322590,65068933236468761112,10197706176814155946,19713093891118473379,25322171494199100796,64446321715895922281,73928188586917604250,49917325449128924170,15145241714102201219,19113990601399228702,19013487900389328930,unavailable_sku,17963944376789585372,32092285468054960042,18126866932405770384,88564199871401046648,73770392458238661315,31861616018132894323,37611489311728532752,51544643749181161944,19018413239294978051,10028390555931752865,12784898546180290995,29777191888757079792,19739931468801522841,29834003570614027197,10353061359131561610"
"Staffie Mom T-Shirt: Staffordshire Dog Graphic Tee, Unisex Softstyle Shirt","Show your love for your loyal companion with this adorable Staffie Mom t shirt. Featuring a cute Staffordshire Bull Terrier illustration with a playful expression, this design is perfect for proud dog mums who want to wear their bond with their pet.

This unisex Softstyle tee combines comfort with personality. It is lightweight, breathable, and soft against the skin, making it ideal for everyday wear, dog walks, or casual outings. Whether you are buying for yourself or as a thoughtful gift, this shirt is a great choice for any Staffie lover.

Perfect for birthdays, Christmas, or just because, this design appeals to dog lovers who appreciate both style and humour. The clean layout and eye catching artwork make it stand out in any wardrobe while remaining easy to pair with jeans, shorts, or lounge wear.

Product features
• Premium Gildan Softstyle 64000 unisex t shirt
• Soft ring spun cotton for all day comfort
• Durable print with sharp detail
• Classic fit with a modern feel
• Ideal gift for dog mums and Staffie owners

Care instructions
Machine wash cold, tumble dry low, do not bleach, do not dry clean

Add this charming Staffie Mom shirt to your collection and celebrate your four legged best friend in style.

EU representative: HONSON VENTURES LIMITED, gpsr@honsonventures.com, 3, Gnaftis House flat 102, Limassol, Mesa Geitonia, 4003, CY
Product information: Gildan 64000, 2 year warranty in EU and Northern Ireland as per Directive 1999/44/EC
Warnings, Hazard: For adults, Made in Bangladesh
Care instructions: Machine wash: cold (max 30C or 90F), with similar colors , Do not bleach, Tumble dry: low heat, Iron, steam or dry: low heat, Do not dryclean",11.39,GBP,36963,"staffie_mom_shirt,staffy_t_shirt,staffordshire_dog,staffie_lover_gift,dog_mom_shirt,staffie_graphic_tee,pitbull_style_dog,dog_lover_gift,cute_dog_shirt,staffie_mom_gift,dog_mum_tee,staffy_lover_shirt,pet_lover_shirt",,https://i.etsystatic.com/63847702/r/il/e0009d/7947160425/il_fullxfull.7947160425_7p3n.jpg,https://i.etsystatic.com/63847702/r/il/3c4a81/7899203170/il_fullxfull.7899203170_7gl1.jpg,https://i.etsystatic.com/63847702/r/il/b34cc7/7899203612/il_fullxfull.7899203612_bsp6.jpg,https://i.etsystatic.com/63847702/r/il/6337b9/7899204032/il_fullxfull.7899204032_rbjm.jpg,https://i.etsystatic.com/63847702/r/il/7b7088/7899204410/il_fullxfull.7899204410_kkea.jpg,https://i.etsystatic.com/63847702/r/il/a890b6/7899204970/il_fullxfull.7899204970_5snw.jpg,https://i.etsystatic.com/63847702/r/il/4edb0d/7947163603/il_fullxfull.7947163603_3rdz.jpg,https://i.etsystatic.com/63847702/r/il/544590/7947163933/il_fullxfull.7947163933_bugt.jpg,https://i.etsystatic.com/63847702/r/il/392edf/7947164337/il_fullxfull.7947164337_ndkn.jpg,https://i.etsystatic.com/63847702/r/il/e05592/7899206724/il_fullxfull.7899206724_ok76.jpg,"Custom Property",Colors,"Navy,Royal,Sport Grey,White,Black,Military Green,Dark Heather","Custom Property",Sizes,"S,M,L,XL,2XL,3XL","33463185226762374458,21572778169310969107,29138952930172861012,12149502268397242641,29231327819399849078,24066705065733789662,unavailable_sku,82065466596160750229,25816477518894994321,37846068004366316052,28661566960265973835,13136654478220164986,62884297482392911923,86593993872231120200,43941678353503655639,27221271265412122113,14659078562244397137,21715600664456944730,58905267464472515864,81321649022809995655,28249801244989657215,32459635539245392246,55841898923564412856,18174207631347372356,22587046950805669634,27144374219469352334,24570138156922813188,27798999285249338673,22016388870657661523,14716267907061179136,32719087430199064973,60565115771862487947,15223855663166482577,98673581539130748999,23896983801180525522,14207425206975995863,22277167648251334894,14449318151176463433"
"Funny Rock Sock Clock Expert Shirt, Viral Meme Humor Tee","Funny Rock Sock Clock shirt based on a viral meme that only some people instantly understand.

This is one of those “if you know, you know” designs. Simple, visual, and guaranteed to get reactions from people who recognise the joke.

Perfect as a unique gift idea or conversation starter. Great for casual wear, humour lovers, and anyone who enjoys subtle internet culture references.

• Soft comfortable unisex fit
• High quality print
• Available in multiple colours and sizes

Ideal for birthdays, casual outfits, or as a funny gift for friends who appreciate clever humour.

EU representative: HONSON VENTURES LIMITED, gpsr@honsonventures.com, 3, Gnaftis House flat 102, Limassol, Mesa Geitonia, 4003, CY
Product information: Gildan 64000, 2 year warranty in EU and Northern Ireland as per Directive 1999/44/EC
Warnings, Hazard: For adults, Made in Bangladesh
Care instructions: Machine wash: cold (max 30C or 90F), with similar colors , Do not bleach, Tumble dry: low heat, Iron, steam or dry: low heat, Do not dryclean",14.21,GBP,31968,"rock_sock_clock,funny_meme_shirt,viral_meme_shirt,inside_joke_shirt,if_you_know_shirt,funny_graphic_tee,novelty_tshirt,meme_tshirt,funny_gift_idea,unique_gift_shirt,internet_humor,funny_shirt_gift,trending_meme_shirt",,https://i.etsystatic.com/63847702/r/il/60a532/7904354113/il_fullxfull.7904354113_bcez.jpg,https://i.etsystatic.com/63847702/r/il/06332b/7855676576/il_fullxfull.7855676576_qooc.jpg,https://i.etsystatic.com/63847702/r/il/6ccad1/7855676876/il_fullxfull.7855676876_oost.jpg,https://i.etsystatic.com/63847702/r/il/69ba3e/7903635745/il_fullxfull.7903635745_o37y.jpg,https://i.etsystatic.com/63847702/r/il/f7e0bb/7855677554/il_fullxfull.7855677554_1gd3.jpg,https://i.etsystatic.com/63847702/r/il/574dc4/7855677842/il_fullxfull.7855677842_qv6y.jpg,https://i.etsystatic.com/63847702/r/il/713cb5/7855678156/il_fullxfull.7855678156_1ssy.jpg,https://i.etsystatic.com/63847702/r/il/5b20db/7903636937/il_fullxfull.7903636937_ooh0.jpg,https://i.etsystatic.com/63847702/r/il/aad9ed/7903637225/il_fullxfull.7903637225_pssv.jpg,,"Custom Property",Colors,"Navy,Royal,Sport Grey,White,Black,Dark Heather","Custom Property",Sizes,"S,M,L,XL,2XL,3XL","25765321792265235671,20996532362595877260,26475162262821065185,90510164234580293860,24864903747406432925,33043831882131168728,17934416713588904645,76119186970501984719,25751150625679227583,21664379936247499106,15232873139278469869,unavailable_sku,12832373379292367100,19908817807047317248,74079348784170217683,12728496562130878158,23619135691041067941,17191236229525408836,27859014896806142101,17335264652863435272,21726687189605899900,18508725851838376665,12976099045798701477,17142161429706281192,23437721835299159802,31302753392692233186,19006994733193929800,31522104738602946658,25854831656580931230,12631810788813659664,11817985203762315772,31849526712264698128,10575400515144491988"
"1975 Version 5.1 Stable Build T-Shirt: Retro Tech Humor Gift","Turn a birth year into a software version.

This 1975 Version 5.1 “Stable Build” shirt is a unique and funny gift for anyone who appreciates retro tech humor and clever birthday ideas. Designed with a clean, minimal layout inspired by classic system versions, it’s a subtle joke that stands out to the right people.

Perfect for:
- 51st birthday gifts
- tech lovers and programmers
- unique and thoughtful presents
- anyone who enjoys retro computing nostalgia

The design is bold, easy to read and works across casual wear, making it a great everyday conversation starter.

Whether you're buying for yourself or someone else, this is not a typical birthday shirt. It is a version upgrade.

Find your version and wear it proudly.

EU representative: HONSON VENTURES LIMITED, gpsr@honsonventures.com, 3, Gnaftis House flat 102, Limassol, Mesa Geitonia, 4003, CY
Product information: Gildan 64000, 2 year warranty in EU and Northern Ireland as per Directive 1999/44/EC
Warnings, Hazard: For adults, Made in Bangladesh
Care instructions: Machine wash: cold (max 30C or 90F), with similar colors , Do not bleach, Tumble dry: low heat, Iron, steam or dry: low heat, Do not dryclean",11.39,GBP,45954,"birthday_shirt,1975_birthday,version_shirt,funny_gift,geek_shirt,retro_tech,programmer_gift,50th_birthday,gift_for_him,gift_for_her,funny_tshirt,tech_humor,unique_gift",,https://i.etsystatic.com/63847702/r/il/d02886/7897893900/il_fullxfull.7897893900_dult.jpg,https://i.etsystatic.com/63847702/r/il/b57a4b/7897894414/il_fullxfull.7897894414_c3ga.jpg,https://i.etsystatic.com/63847702/r/il/397607/7945855735/il_fullxfull.7945855735_p18t.jpg,https://i.etsystatic.com/63847702/r/il/b0d733/7897895732/il_fullxfull.7897895732_pjz5.jpg,https://i.etsystatic.com/63847702/r/il/48cb8c/7945857059/il_fullxfull.7945857059_nvxm.jpg,https://i.etsystatic.com/63847702/r/il/0a0ed3/7897896952/il_fullxfull.7897896952_k6nt.jpg,https://i.etsystatic.com/63847702/r/il/d7d65d/7945857815/il_fullxfull.7945857815_b3a4.jpg,https://i.etsystatic.com/63847702/r/il/150d40/7897897832/il_fullxfull.7897897832_2mpd.jpg,https://i.etsystatic.com/63847702/r/il/0bc06c/7897898938/il_fullxfull.7897898938_fd9n.jpg,https://i.etsystatic.com/63847702/r/il/da84cb/7945859921/il_fullxfull.7945859921_ns9i.jpg,"Custom Property",Colors,"Navy,Red,Royal,Sport Grey,White,Black,Military Green,Dark Heather,Natural","Custom Property",Sizes,"S,M,L,XL,2XL,3XL","32616568016020424888,31173133460036522556,31822272290229481366,27048085159736472631,42466341345568057687,27910969631008334209,29329175159273950970,30798500976757789828,24489690585525780771,16799175420292029611,33286744406669482082,27578854881058860274,unavailable_sku,18260247814241208477,59001625739960850789,64856600104588504168,33034168268395560557,18067207459770115257,17175375347602162990,18906439519344104663,22027656305841974192,23773191428107413848,29738036316923822127,32284656187956594345,14023558076877065819,25923781110000025801,10561269235652555762,19581627231422038098,11079983811311479812,22411517107195615056,28786743379050040414,12785188333209791140,50266792183045443876,25613159951331575664,31997643630381104832,35540669865634233432,47410708772945537859,19717705756269090292,22385433122387867440,52516883911895905714,24314008055613989618,73111439099762940001,22857064735599318641,31392562217370338411,30692717444516949545,33845415296868411180,31170833063308544087"
"Feeling Fruity Pineapple Banner: Campervan, Festival, Outdoor Vinyl Decor","Add a playful touch to your campsite, campervan setup or garden with this Feeling Fruity pineapple banner. Featuring a colourful fruit collage with a pineapple centrepiece, the design has a subtle “if you know you know” humour that makes it a fun conversation starter without being over the top.

A fun banner often spotted at lively European campsites and festival camping areas.

Perfect for campervan travellers, festival camps, caravan holidays or outdoor parties, this banner adds personality to any setup. Hang it on the side of your camper, along a caravan awning, on a fence or in a garden space to bring a little humour and colour to your camp.

The bright fruit design stands out from a distance while still keeping the joke subtle for those who recognise it.

Ideal for
Campervan and vanlife setups
Caravan awnings and campsite decor
Festivals and outdoor gatherings
Garden parties and summer events
Fun novelty gifts for camping friends

Product details

Material: 15oz blockout scrim vinyl
Matte finish for vibrant printing
Brass grommets every 2 to 3 feet
Includes four white hanging ropes
Suitable for indoor and outdoor use
Available in multiple sizes

Care instructions
Clean with warm water and mild dish soap
Avoid abrasive or ammonia based cleaners

EU representative: HONSON VENTURES LIMITED, gpsr@honsonventures.com, 3, Gnaftis House flat 102, Limassol, Mesa Geitonia, 4003, CY
Product information: Generic brand, 2 year warranty in EU and Northern Ireland as per Directive 1999/44/EC
Care instructions: Use non-abrasive, non-ammonium based products for cleaning. Dish soap with warm water is only recommended for spot cleaning.",19.91,GBP,1998,"pineapple_banner,funny_camp_banner,campervan_banner,caravan_banner,festival_banner,vanlife_decor,camp_decor,fruit_banner,funny_camping_sign,camper_decor,caravan_decor,novelty_banner,garden_banner",,https://i.etsystatic.com/63847702/r/il/a19e0d/7898789629/il_fullxfull.7898789629_i9p4.jpg,https://i.etsystatic.com/63847702/r/il/574a24/7812702872/il_fullxfull.7812702872_ljkv.jpg,https://i.etsystatic.com/63847702/r/il/e9c85a/7860647705/il_fullxfull.7860647705_p45i.jpg,https://i.etsystatic.com/63847702/r/il/065983/7812712346/il_fullxfull.7812712346_t1l6.jpg,https://i.etsystatic.com/63847702/r/il/2db630/7812712970/il_fullxfull.7812712970_q98b.jpg,https://i.etsystatic.com/63847702/r/il/0cce58/7812713508/il_fullxfull.7812713508_6qrk.jpg,,,,,"Custom Property",Sizes,"48″ x 24″ (Horizontal),72″ x 36″ (Horizontal)",,,,"53828067914644100829,26489973907688181822"
"Upside Down Pineapple Flag Funny Camping Banner Feeling Fruity Double Sided Outdoor Party Flag","Add a little humour to your campsite, garden or festival setup with this Feeling Fruity upside down pineapple flag. Featuring a colourful fruit collage with a cheeky hidden pineapple, this playful design is perfect for campers, vanlife travellers and anyone who enjoys a subtle inside joke.

The bold graphic stands out while still keeping the joke just subtle enough for those who know. Whether you're decorating your campervan pitch, garden party or festival camp, this flag is guaranteed to spark conversation.

Ideal as a fun gift for couples, campers and friends who enjoy playful humour.

Perfect for
Camping and vanlife setups
Festivals and summer events
Garden and patio decoration
Funny novelty gifts
Conversation starter decor

Product details

100 percent polyester
Double sided print
Lightweight outdoor fabric
Metal grommets for easy hanging
Suitable for camping, festivals and outdoor spaces

Care instructions
Do not iron
Do not dry clean

EU representative: HONSON VENTURES LIMITED, gpsr@honsonventures.com, 3, Gnaftis House flat 102, Limassol, Mesa Geitonia, 4003, CY
Product information: Generic brand, 2 year warranty in EU and Northern Ireland as per Directive 1999/44/EC",17.15,GBP,3996,"upside_pineapple,pineapple_flag,funny_camp_flag,campervan_flag,festival_camp_flag,funny_garden_flag,fruity_humor_gift,novelty_camp_decor,campervan_decor,cheeky_pineapple,adult_humor_gift,party_camp_flag,vanlife_decor",,https://i.etsystatic.com/63847702/r/il/8a3222/7860613575/il_fullxfull.7860613575_saoh.jpg,https://i.etsystatic.com/63847702/r/il/cebea2/7860582147/il_fullxfull.7860582147_b7wo.jpg,https://i.etsystatic.com/63847702/r/il/d9b533/7860583843/il_fullxfull.7860583843_b6k3.jpg,,,,,,,,"Custom Property",Size,"12&#39;&#39; × 18&#39;&#39;,24&#39;&#39; × 36&#39;&#39;,30&#39;&#39; × 40&#39;&#39;,36&#39;&#39; × 60&#39;&#39;",,,,"24699154827156553165,21433874478460217766,16637856425650646643,24445634309866676158"
"Bullmastiff Mom Shirt, Large Breed Dog Lover Tee, Unisex Softstyle T-Shirt","Show off your love for one of the most loyal and powerful dog breeds with this Bullmastiff Mom shirt. Featuring a bold Bullmastiff portrait with a clean curved text design, this tee is a great choice for proud Bullmastiff owners, dog mums, and anyone who adores giant breed dogs.

This Bullmastiff t shirt makes a thoughtful gift for dog moms, Bullmastiff lovers, breeders, rescue supporters, and pet parents who know that big dogs leave the biggest mark on your heart. It works well as an everyday casual tee, a dog walking shirt, or a fun gift for birthdays, holidays, and special occasions.

Made using the Gildan Softstyle 64000, this unisex shirt offers a lightweight feel with a soft comfortable fit for year round wear. The classic crew neck style makes it easy to pair with jeans, joggers, or layered looks.

Product features
. Unisex Gildan Softstyle 64000 t shirt
. Soft lightweight ring spun cotton feel
. Classic fit with crew neckline
. Bullmastiff portrait design with Bullmastiff Mom text
. Great gift for Bullmastiff moms and dog lovers
. Ideal for casual wear, gifting, and dog related events

This design is perfect for anyone looking for a Bullmastiff mom gift, Bullmastiff lover shirt, large breed dog tee, or a stylish dog mom top with strong breed pride.

EU representative: HONSON VENTURES LIMITED, gpsr@honsonventures.com, 3, Gnaftis House flat 102, Limassol, Mesa Geitonia, 4003, CY
Product information: Gildan 64000, 2 year warranty in EU and Northern Ireland as per Directive 1999/44/EC
Warnings, Hazard: For adults, Made in Bangladesh
Care instructions: Machine wash: cold (max 30C or 90F), with similar colors , Do not bleach, Tumble dry: low heat, Iron, steam or dry: low heat, Do not dryclean",14.21,GBP,50949,"bullmastiff_mom,bullmastiff_shirt,dog_mom_shirt,dog_lover_gift,large_breed_dog,bullmastiff_tee,bullmastiff_gift,giant_breed_shirt,pet_mom_tee,dog_owner_shirt,unisex_dog_tee,mastiff_mom_shirt",,https://i.etsystatic.com/63847702/r/il/aa170e/7853905348/il_fullxfull.7853905348_t483.jpg,https://i.etsystatic.com/63847702/r/il/93911b/7901802087/il_fullxfull.7901802087_p626.jpg,https://i.etsystatic.com/63847702/r/il/580f80/7853842364/il_fullxfull.7853842364_iune.jpg,https://i.etsystatic.com/63847702/r/il/5ce8a6/7901783743/il_fullxfull.7901783743_rh1n.jpg,https://i.etsystatic.com/63847702/r/il/5ba85d/7853832858/il_fullxfull.7853832858_30c0.jpg,https://i.etsystatic.com/63847702/r/il/f56896/7853835370/il_fullxfull.7853835370_ll3a.jpg,https://i.etsystatic.com/63847702/r/il/511208/7901798903/il_fullxfull.7901798903_p85q.jpg,https://i.etsystatic.com/63847702/r/il/663a1e/7853839058/il_fullxfull.7853839058_2973.jpg,https://i.etsystatic.com/63847702/r/il/11e9c0/7853839836/il_fullxfull.7853839836_4biy.jpg,https://i.etsystatic.com/63847702/r/il/6cb25d/7853840152/il_fullxfull.7853840152_oqt8.jpg,"Custom Property",Colors,"Light Blue,Navy,Red,Royal,Sport Grey,White,Black,Military Green,Dark Heather,Natural","Custom Property",Sizes,"S,M,L,XL,2XL,3XL","31323887838663768344,28315749664617541606,31926384608223969859,82009509116365422801,unavailable_sku,95912361376026924219,10153653679541123162,85502003710427470358,33240375141087421784,20497616032717751803,30289226766543154106,17015269526297620475,12577977943534006353,27965876915603071887,30297125243114714025,29844698508822618549,19013505205784872334,31109951976500857373,29832497067014829652,30800376277858975352,28779166294444778080,13612601013338527926,20106111530765705007,20506216069847423139,23316696675183981535,14171213159150854592,34264103664856297330,11527258980051351812,39358361041190636439,28464627912665102496,55673393837906308278,11983676001679455237,43602195527377344975,23980078348790503660,31149265058228566759,21958104445337491999,15512897368833844872,50773589163056408318,85325283132192246851,29878431548108177310,88546605399657947220,20563790432753713977,10078975219424966719,17645673381925907194,33425612922774885569,24294666102443282907,13318654679300490585,16691778228684852580,30175989907301006903,32767228007601492797,17912328327985418034,46548480430819945329"
"Feelin Fruity Outdoor Pillow, Pineapple Cushion, Vanlife Camping Decor, Water Resistant Throw Pillow","Add a playful twist to your outdoor space with this Feelin Fruity outdoor pillow. Featuring a tongue in cheek upside down pineapple design with bright fruit artwork, this cushion is a fun conversation piece for patios, camping setups, camper vans, and vanlife interiors.

Made for both style and practicality, this outdoor pillow is UV resistant, water resistant, and mildew resistant, making it a great choice for gardens, decks, campsites, and cosy outdoor corners. It is ideal for anyone who loves witty decor, fruity summer vibes, and a subtle cheeky design that people in the know will appreciate.

Perfect as a gift for campers, vanlife fans, outdoor entertainers, or anyone looking to add a bold and humorous accent to their space.

Product features
100 percent spun polyester
UV ray and water resistant
Mildew resistant for outdoor use
Double sided print
Sewn seam closure
Available in 4 sizes

Care instructions
Spot clean only
Dry clean

EU representative: HONSON VENTURES LIMITED, gpsr@honsonventures.com, 3, Gnaftis House flat 102, Limassol, Mesa Geitonia, 4003, CY
Product information: Generic brand, 2 year warranty in EU and Northern Ireland as per Directive 1999/44/EC
Care instructions: Spot clean only, Dryclean",22.91,GBP,2997,"funny_pillow,outdoor_cushion,patio_pillow,vanlife_decor,camping_pillow,camper_cushion,pineapple_decor,fruity_decor,cheeky_gift,camper_gift,outdoor_decor,glamping_decor,patio_cushion",,https://i.etsystatic.com/63847702/r/il/8390fb/7807628964/il_fullxfull.7807628964_o238.jpg,https://i.etsystatic.com/63847702/r/il/22c849/7807629258/il_fullxfull.7807629258_qe17.jpg,https://i.etsystatic.com/63847702/r/il/2b0c58/7807629714/il_fullxfull.7807629714_gah0.jpg,https://i.etsystatic.com/63847702/r/il/07d94e/7855691759/il_fullxfull.7855691759_r4hh.jpg,,,,,,,"Custom Property",Sizes,"16&quot; × 16&quot;,18&quot; × 18&quot;,20&quot; × 20&quot;",,,,"28381392990657804071,15533535265827720158,12283134838691546898"
"Feeling Fruity Upside Down Pineapple Unisex Heavy Cotton Tee","Serve a little mischief with this Feeling Fruity t shirt, featuring a playful fruit collage with a cheeky upside down pineapple hidden in plain sight. Bright, bold and just subtle enough for those who get the joke, this design is ideal for parties, holidays, festivals, cruises and everyday wear with a wink.

Printed on the dependable Gildan 5000 Unisex Heavy Cotton Tee, this shirt offers a classic fit and durable feel for year round comfort. The medium weight cotton fabric gives the design sharp detail and long lasting colour, while the crew neck keeps the look easy to style for casual outfits.

Why people love it
Funny fruity graphic with an inside joke twist
Great conversation starter
Relaxed unisex fit for everyday wear
Ideal gift for fun loving friends and couples
Perfect for holidays, nights out, cruises and summer events

Product details
Gildan 5000 Unisex Heavy Cotton Tee
Medium fabric, 5.3 oz yd², 180 g m²
100 percent cotton
Classic fit with crew neckline
Tear away label for added comfort
Made for adults

Care instructions
Machine wash cold, max 30C
Non chlorine bleach as needed
Tumble dry low
Do not iron
Do not dryclean

EU representative: HONSON VENTURES LIMITED, gpsr@honsonventures.com, 3, Gnaftis House flat 102, Limassol, Mesa Geitonia, 4003, CY
Product information: Gildan 5000, 2 year warranty in EU and Northern Ireland as per Directive 1999/44/EC
Warnings, Hazard: For adults, Made in Nicaragua
Care instructions: Machine wash: cold (max 30C or 90F), Non-chlorine: bleach as needed, Tumble dry: low heat, Do not iron, Do not dryclean",11.08,GBP,40959,"feeling_fruity,upside_pineapple,pineapple_shirt,fruity_tshirt,funny_fruit_tee,adult_humor_tee,cheeky_tshirt,novelty_tshirt,summer_party_tee,cruise_shirt,tropical_tshirt,gift_for_friends,hidden_joke_tee",,https://i.etsystatic.com/63847702/r/il/b67da6/7946212561/il_fullxfull.7946212561_ruqp.jpg,https://i.etsystatic.com/63847702/r/il/58cc0e/7946213097/il_fullxfull.7946213097_ba5o.jpg,https://i.etsystatic.com/63847702/r/il/69652b/7946213453/il_fullxfull.7946213453_8ywa.jpg,https://i.etsystatic.com/63847702/r/il/5639fe/7898252964/il_fullxfull.7898252964_pwtc.jpg,https://i.etsystatic.com/63847702/r/il/c3f837/7898253252/il_fullxfull.7898253252_fdl7.jpg,https://i.etsystatic.com/63847702/r/il/f9b5bf/7946214419/il_fullxfull.7946214419_fpsj.jpg,https://i.etsystatic.com/63847702/r/il/e3c2bd/7898253882/il_fullxfull.7898253882_e4hm.jpg,https://i.etsystatic.com/63847702/r/il/a833f0/7946215463/il_fullxfull.7946215463_hh2e.jpg,https://i.etsystatic.com/63847702/r/il/79ba59/7946215911/il_fullxfull.7946215911_gjv7.jpg,https://i.etsystatic.com/63847702/r/il/2d6e39/7946216263/il_fullxfull.7946216263_ns6r.jpg,"Custom Property",Colors,"Navy,White,Black,Military Green,Dark Heather,Dark Heather Grey","Custom Property",Sizes,"S,M,L,XL,2XL,3XL,4XL,5XL","26538414033259098841,31317447361417254788,13916171976184203407,99520049834260274296,24205219354578843402,17120792312847582712,26791894452378277743,50430008317219974160,unavailable_sku,62971751951897991533,87117508119888540928,65883118931631974379,14882009292683425954,12281092555878892635,32763687261606301585,31613834068311557600,12292853702277952686,30560723826346771905,28731160207161140336,16462741503236751622,13041076488609182007,96895705462384877414,24699411303051272546,18728351753651514277,19780858120064917106,24671561995134410511,68305783291063503842,79746002553814141000,61814555356859710608,41907285931837534591,45253162776790305258,13416399194781283601,16532430108969161036,97458680475524623049,24679251155033983111,20600784967889725555,21930196692244430789,23218134976673698444,27252039094191558132,15229399417632930717,28774617017448383488,61371587462288238080"
"Border Collie Mom Shirt: Dog Lover Gift for Collie Owners","Border Collie Mom Shirt – Perfect Gift for Border Collie Lovers

Celebrate your love for Border Collies with this stylish Border Collie Mom shirt. Featuring a cute Border Collie illustration and a clean curved breed design, this tee is perfect for proud dog moms and Border Collie owners.

Whether you are out walking your Collie, relaxing at home, or searching for a thoughtful gift for a dog lover, this shirt is a fun and meaningful way to show off one of the smartest and most loyal dog breeds.

This design is available with white artwork for dark shirts and black artwork for lighter shirt colors so the graphic remains bold and readable across different tee colors.

Perfect Gift For

• Border Collie owners
• Border Collie dog moms
• Dog lovers
• Pet parents
• Birthday gifts
• Christmas gifts
• Mothers Day gifts for dog moms

Product Details

Comfort Colors introduces the Comfort Colors 1717 garment dyed t shirt made from soft washed ring spun cotton for everyday comfort.

• Heavyweight fabric 6.1 oz yd²
• Relaxed fit
• Pre shrunk 100 percent ring spun US cotton
• Garment dyed soft washed fabric
• Durable double needle stitching
• Sewn in label
• Available in multiple colors

Care Instructions

Machine wash cold
Tumble dry low heat
Do not bleach
Iron low heat if needed
Do not dry clean

This Border Collie Mom shirt makes a great gift for Collie lovers and proud dog owners.

EU representative: HONSON VENTURES LIMITED, gpsr@honsonventures.com, 3, Gnaftis House flat 102, Limassol, Mesa Geitonia, 4003, CY
Product information: Gildan 5000, 2 year warranty in EU and Northern Ireland as per Directive 1999/44/EC
Warnings, Hazard: For adults, Made in Nicaragua
Care instructions: Machine wash: cold (max 30C or 90F), Non-chlorine: bleach as needed, Tumble dry: low heat, Do not iron, Do not dryclean",13.71,GBP,80919,"border_collie,border_collie_mom,collie_dog_mom,collie_lover,collie_gift,border_collie_gift,dog_mom_shirt,pet_mom_shirt,cute_dog_shirt,dog_lover_gift,collie_mama,dog_owner_gift,dog_mom_gift",,https://i.etsystatic.com/63847702/r/il/7b9ecd/7843027493/il_fullxfull.7843027493_4hvu.jpg,https://i.etsystatic.com/63847702/r/il/2bfc3a/7843001667/il_fullxfull.7843001667_e2yb.jpg,https://i.etsystatic.com/63847702/r/il/84d61a/7795501382/il_fullxfull.7795501382_76dc.jpg,https://i.etsystatic.com/63847702/r/il/abaea7/7843002019/il_fullxfull.7843002019_t0kj.jpg,https://i.etsystatic.com/63847702/r/il/c6fd23/7795073714/il_fullxfull.7795073714_etwq.jpg,https://i.etsystatic.com/63847702/r/il/091917/7843005685/il_fullxfull.7843005685_6tje.jpg,https://i.etsystatic.com/63847702/r/il/2005f6/7795070204/il_fullxfull.7795070204_8fp1.jpg,https://i.etsystatic.com/63847702/r/il/8450cf/7795070470/il_fullxfull.7795070470_ene2.jpg,https://i.etsystatic.com/63847702/r/il/36a5fa/7795070834/il_fullxfull.7795070834_khjr.jpg,https://i.etsystatic.com/63847702/r/il/ce492b/7795071174/il_fullxfull.7795071174_cs7o.jpg,"Custom Property",Colors,"Charcoal,Light Pink,Navy,Orange,Red,Royal,Sand,Sport Grey,White,Black,Forest Green,Gold","Custom Property",Sizes,"S,M,L,XL,2XL,3XL,4XL,5XL","77332480736173220882,11358846511770841463,13328063332843011189,unavailable_sku,17479860472904050199,11240123484364658257,53249484486831570307,70895963608041938018,75512184792945731040,19129503085309839356,99581846687824381499,16446336031405373486,12826704712598375231,56010139647793722541,93552805643549066546,31351630438847141210,14249559653633454979,12183165131424043916,28018455903068662528,22848175617367413030,64684417989189999377,46072614187122484975,46295138020173740890,26203973168064901085,85165422066664030456,45131298396115493218,15320237424123059441,23864886133071241885,13409887076558789225,14277929145535800266,30919303569499521207,18566251389418899511,18600583948467339480,23063177775625443084,20097578966253636629,15545706297879987991,18956514665729316332,32145320520245193104,23054008983858320883,22036761763962608840,27436817208207013301,25184188878996565094,13230189400349018778,17000510736827295854,14801403196524322266,19263276605929085888,20515463975351503901,87326042427645234811,16752642308738680101,78012375170505393544,19892333412896068863,90263571590106438061,11992819278429686825,30664212086038486870,30621123860583547219,45957188224013500549,30629616457797132076,20739705641444212475,31280827644147886157,16415950089075166219,25619864132306978169,19112155995953974705,90252134678763931427,25915446407965093940,66229005196428385191,95893749452299006720,21366646931144442933,31440072494331865985,17342072300437309428,14847583105514574021,95674498905074023649,31521527919199523962,17059996957381751958,23534670678916137714,20918994281131973556,21972525325839496581,53566240285176850872,28766709194155413302,80649344664666706456,10486783328360511835,19090397177447272515,11148793994396035106"
"Chihuahua Mom Shirt: Dog Lover Gift for Owners, Pet Parents","Chihuahua Mom Shirt – Perfect Gift for Chihuahua Lovers

Celebrate your love for Chihuahuas with this stylish Chihuahua Mom shirt. Featuring a cute Chihuahua illustration and a clean curved breed design, this tee is perfect for proud dog moms and Chihuahua owners.

Whether you are walking your Chihuahua, relaxing at home, or looking for a thoughtful gift for a dog lover, this shirt is a fun and meaningful way to show off your favorite small dog breed.

This design is available with white artwork for darker shirts and black artwork for lighter shirt colors so the design remains bold and easy to read on different tee colors.

Perfect Gift For

• Chihuahua owners
• Chihuahua dog moms
• Dog lovers
• Pet parents
• Birthday gifts
• Christmas gifts
• Mothers Day gifts for dog moms

Product Details

Comfort Colors introduces the Comfort Colors 1717 garment dyed t shirt made from soft washed ring spun cotton for everyday comfort.

• Heavyweight fabric 6.1 oz yd²
• Relaxed fit
• Pre shrunk 100 percent ring spun US cotton
• Garment dyed soft washed fabric
• Durable double needle stitching
• Sewn in label
• Available in multiple colors

Care Instructions

Machine wash cold
Tumble dry low heat
Do not bleach
Iron low heat if needed
Do not dry clean

This Chihuahua Mom shirt makes a great gift for Chihuahua lovers and proud dog owners.

EU representative: HONSON VENTURES LIMITED, gpsr@honsonventures.com, 3, Gnaftis House flat 102, Limassol, Mesa Geitonia, 4003, CY
Product information: Gildan 5000, 2 year warranty in EU and Northern Ireland as per Directive 1999/44/EC
Warnings, Hazard: For adults, Made in Nicaragua
Care instructions: Machine wash: cold (max 30C or 90F), Non-chlorine: bleach as needed, Tumble dry: low heat, Do not iron, Do not dryclean",15.21,GBP,67932,"chihuahua_mom,chihuahua_lover,chihuahua_gift,small_dog_mom,dog_mom_shirt,chihuahua_owner,pet_mom_shirt,cute_dog_shirt,dog_lover_gift,chihuahua_mama,dog_owner_gift,dog_mom_gift,small_dog_lover",,https://i.etsystatic.com/63847702/r/il/15bb0e/7841930620/il_fullxfull.7841930620_nje4.jpg,https://i.etsystatic.com/63847702/r/il/fcba79/7826594772/il_fullxfull.7826594772_fyyv.jpg,https://i.etsystatic.com/63847702/r/il/fc6c34/7874544501/il_fullxfull.7874544501_o1me.jpg,https://i.etsystatic.com/63847702/r/il/b08202/7826595474/il_fullxfull.7826595474_j3cu.jpg,https://i.etsystatic.com/63847702/r/il/90475a/7874545107/il_fullxfull.7874545107_apwm.jpg,https://i.etsystatic.com/63847702/r/il/ef89e9/7874545455/il_fullxfull.7874545455_7ezc.jpg,https://i.etsystatic.com/63847702/r/il/43a57b/7826596766/il_fullxfull.7826596766_9cmn.jpg,https://i.etsystatic.com/63847702/r/il/8ae232/7826597082/il_fullxfull.7826597082_7dge.jpg,https://i.etsystatic.com/63847702/r/il/b0b2dc/7826597362/il_fullxfull.7826597362_5a80.jpg,https://i.etsystatic.com/63847702/r/il/427187/7874546991/il_fullxfull.7874546991_aojv.jpg,"Custom Property",Colors,"Sport Grey,White,Military Green,Cornsilk,Heather Indigo,Graphite Heather,Ice Grey,Sand,Iris,Sage","Custom Property",Sizes,"XS,S,M,L,XL,2XL,3XL,4XL,5XL","33190119549252891423,13874241127710439153,22584732523954810359,unavailable_sku,32223633040470933998,18962308868955874019,30765090360749994830,54057035302967452497,39357268716163551295,50920630992975622835,12016219650243963767,15252014606727145197,91967458168917715638,13671169576710160656,39138784081472726137,15296634252978921730,32501745791615898691,32028390444126776673,27039903107117330308,40784457707239332017,13700169036767056703,20271607975574588115,63833763249372935656,32804379315257689751,89139007676771990825,28158573691141178338,34167620587245614316,25105625537265600769,12529235326136384423,10328740719803261319,10182908864235565732,48492448493768118546,17558231218930100229,33002685433917702052,32855992302534805793,19810477670173304390,31555384016366217287,18884587264526247729,52321503584923268395,20501176484024695467,21747416828230623375,74616435210876722048,22048647060313737138,22029574142595669437,52719507389189099758,28046819545401123671,22460268881148024444,13349826527773120101,43156202913792061877,26130156111037003034,26166592833653655132,28082035513586340535,20922041594967725591,18561364966289463630,12425730995682061882,14506443318389535189,44947550072131077518,40042742526638824261,32391563171146350657,11802434257893193227,24933465727076456316,49585498544321728849,12567354569019359747,19823652242579154131,26820013567825281320,28400260614586429714,17024551696395995894,26464152678607051657,15082979707388888803"
"Dachshund Mom Shirt: Wiener Dog Lover Tee, Dog Owner Gift","Dachshund Mom Shirt – Perfect Gift for Dachshund Lovers

Celebrate your love for Dachshunds with this stylish Dachshund Mom shirt. Featuring a cute Dachshund illustration and a clean curved breed design, this tee is perfect for proud dog moms and Dachshund owners.

Whether you are walking your sausage dog, relaxing at home, or looking for a thoughtful gift for a dog lover, this shirt is a fun and meaningful way to show off your favorite breed.

This design is available with white artwork for dark shirts and black artwork for lighter shirt colors so the graphic stays bold and readable across different tee colors.

Perfect Gift For

• Dachshund owners
• Wiener dog moms
• Dog lovers
• Pet parents
• Birthday gifts
• Christmas gifts
• Mothers Day gifts for dog moms

Product Details

Comfort Colors introduces the Comfort Colors 1717 garment dyed t shirt made from soft washed ring spun cotton for everyday comfort.

• Heavyweight fabric 6.1 oz yd²
• Relaxed fit
• Pre shrunk 100 percent ring spun US cotton
• Garment dyed soft washed fabric
• Durable double needle stitching
• Sewn in label
• Available in multiple colors

Care Instructions

Machine wash cold
Tumble dry low heat
Do not bleach
Iron low heat if needed
Do not dry clean

This Dachshund Mom shirt makes a great gift for sausage dog lovers and proud dog owners.

EU representative: HONSON VENTURES LIMITED, gpsr@honsonventures.com, 3, Gnaftis House flat 102, Limassol, Mesa Geitonia, 4003, CY
Product information: Gildan 5000, 2 year warranty in EU and Northern Ireland as per Directive 1999/44/EC
Warnings, Hazard: For adults, Made in Nicaragua
Care instructions: Machine wash: cold (max 30C or 90F), Non-chlorine: bleach as needed, Tumble dry: low heat, Do not iron, Do not dryclean",12.87,GBP,77922,"dachshund_mom,dachshund_lover,wiener_dog_mom,dachshund_gift,sausage_dog,dachshund_owner,dog_mom_shirt,pet_mom_shirt,cute_dog_shirt,dog_lover_gift,dachshund_mama,dog_owner_gift,dog_mom_gift",,https://i.etsystatic.com/63847702/r/il/7acc19/7794854368/il_fullxfull.7794854368_12v3.jpg,https://i.etsystatic.com/63847702/r/il/f15a67/7794201874/il_fullxfull.7794201874_tbjl.jpg,https://i.etsystatic.com/63847702/r/il/0cfaa5/7794202238/il_fullxfull.7794202238_jn5o.jpg,https://i.etsystatic.com/63847702/r/il/83ca1d/7794203634/il_fullxfull.7794203634_bolr.jpg,https://i.etsystatic.com/63847702/r/il/423319/7794204068/il_fullxfull.7794204068_jn7v.jpg,https://i.etsystatic.com/63847702/r/il/435dcf/7794204458/il_fullxfull.7794204458_9pay.jpg,https://i.etsystatic.com/63847702/r/il/cf365e/7842137841/il_fullxfull.7842137841_2g0e.jpg,https://i.etsystatic.com/63847702/r/il/262901/7842138497/il_fullxfull.7842138497_epjx.jpg,https://i.etsystatic.com/63847702/r/il/b50987/7794206304/il_fullxfull.7794206304_27k1.jpg,https://i.etsystatic.com/63847702/r/il/aac32f/7794206882/il_fullxfull.7794206882_m68x.jpg,"Custom Property",Colors,"Charcoal,Light Blue,Light Pink,Maroon,Orange,Purple,Red,Royal,Sport Grey,White,Black,Gold","Custom Property",Sizes,"S,M,L,XL,2XL,3XL,4XL,5XL","22338961779618168261,24256574659555937277,11119784333033278159,17522973754245872157,unavailable_sku,47072134462605257934,18443014983343477438,55731934858536030255,14548812281454724061,12619150590911443645,21180912384472910455,80161181667452964755,11923619522257050316,78138033362206952755,96122092522248450343,26824547901156092007,23119888150280762409,27119258290804307230,21291898002956236664,90971672171583060471,21326142569964251662,68072447791323905809,13950321677895556631,26597695514651841956,29335935838895413070,31925575642137268882,19521264471347559422,15999589436671436704,19753165967353704184,14845272105002239844,23420723107164073594,33381025888940199968,25572706198472422505,11289282284201119281,23481034368668045665,23144864026326789372,22336689443098695258,27022604714775497723,26409787606976555493,68668823615153223406,18490052056807177804,14770382651869986639,14912768027855146951,33450995379608707076,30528740639543776385,80836849470757707154,33391678274799921737,25893365273887340129,21340061310779955237,29483052218172380153,10185615090209997532,11473367980127584439,70720792185574966667,27251165926032827040,97489901595219743886,25338700194317206441,70144005194576494533,44020199110214247935,36615179604102100604,28852520401767447331,33754070905072896134,24128764372568072738,21140822171498707973,22590528995586684077,26586807802755883146,24539496662564435145,29900643822396730370,20734751839282029563,29700323373926018652,65184348805319357561,29421569464614438981,33717474281985383600,16906156208561326193,70934360156306026026,10717252976853323745,15060680627893943046,77650710136554209791,16444410090686594331,54039866957693815551"
"Labrador Retriever Mom Shirt: Dog Lover Gift for Lab Owners","Labrador Retriever Mom Shirt – Perfect Gift for Lab Lovers

Celebrate your love for Labrador Retrievers with this stylish Labrador Retriever Mom shirt. Featuring a cute Labrador illustration and a clean curved breed design, this tee is perfect for proud dog moms and Labrador owners.

Whether you are out walking your Lab, relaxing at home, or looking for a thoughtful gift for a dog lover, this shirt is a fun and meaningful way to show off your favorite breed.

The design is available with white artwork for darker shirts and black artwork for lighter shirt colors so the design remains bold and easy to read on different tee colors.

Perfect Gift For

• Labrador Retriever owners
• Lab dog moms
• Dog lovers
• Pet parents
• Birthday gifts
• Christmas gifts
• Mothers Day gifts for dog moms

Product Details

Comfort Colors introduces the Comfort Colors 1717 garment dyed t shirt made from soft washed ring spun cotton for everyday comfort.

• Heavyweight fabric 6.1 oz yd²
• Relaxed fit
• Pre shrunk 100 percent ring spun US cotton
• Garment dyed soft washed fabric
• Durable double needle stitching
• Sewn in label
• Available in multiple colors

Care Instructions

Machine wash cold
Tumble dry low heat
Do not bleach
Iron low heat if needed
Do not dry clean

This Labrador Retriever Mom shirt makes a great gift for Lab lovers and proud dog owners.

EU representative: HONSON VENTURES LIMITED, gpsr@honsonventures.com, 3, Gnaftis House flat 102, Limassol, Mesa Geitonia, 4003, CY
Product information: Comfort Colors® 1717, 2 year warranty in EU and Northern Ireland as per Directive 1999/44/EC
Warnings, Hazard: Made in Honduras
Care instructions: Machine wash: cold (max 30C or 90F), Do not bleach, Tumble dry: low heat, Iron, steam or dry: low heat, Do not dryclean",11.39,GBP,41958,"labrador_retriever,lab_dog_mom,lab_mom_shirt,labrador_lover,lab_dog_lover,lab_owner_gift,labrador_gift,dog_mom_shirt,pet_mom_shirt,cute_dog_shirt,lab_mama,dog_lover_gift,dog_mom_gift",,https://i.etsystatic.com/63847702/r/il/e46b94/7949182981/il_fullxfull.7949182981_no8x.jpg,https://i.etsystatic.com/63847702/r/il/4cccf4/7901232632/il_fullxfull.7901232632_i6nl.jpg,https://i.etsystatic.com/63847702/r/il/e7fedf/7949184297/il_fullxfull.7949184297_b3jv.jpg,https://i.etsystatic.com/63847702/r/il/5f132c/7901234344/il_fullxfull.7901234344_cklr.jpg,https://i.etsystatic.com/63847702/r/il/293ea2/7949185835/il_fullxfull.7949185835_4jge.jpg,https://i.etsystatic.com/63847702/r/il/43f9c2/7949186329/il_fullxfull.7949186329_h5dp.jpg,https://i.etsystatic.com/63847702/r/il/0cf7d2/7949186577/il_fullxfull.7949186577_f20m.jpg,https://i.etsystatic.com/63847702/r/il/ef35aa/7901236332/il_fullxfull.7901236332_3yq8.jpg,https://i.etsystatic.com/63847702/r/il/f4088d/7901236556/il_fullxfull.7901236556_13cd.jpg,,"Custom Property",Colors,"Navy,Sport Grey,White,Black,Military Green,Dark Heather","Custom Property",Sizes,"S,M,L,XL,2XL,3XL,4XL,5XL","25593135782936747330,17866926098479955609,29835413302589616085,19991703806827574300,20163715474060619074,53605186560578049029,unavailable_sku,24252466689230430117,11379836939257303440,15810889174693843386,26099388753022468994,18987668706786159951,11112633316930830103,31793622624461336233,51629938158326326031,16679849686913974995,21599883296129282713,13809816734631157456,20493954500328284375,18834962872994020011,19049942275743626238,26474956222211411688,31099807139345128412,13384950336036229724,12859928442916689752,18482273488685829029,20498862100298220400,30761925094192770509,32351346640821938878,22460288549389826632,33778389064937538935,96213435039689457943,25559870364046822897,32474668917024905909,19985817156752359627,12445999843261737658,55690864231591417743,27062545410108683638,18296473741624444710,12623579525655681729,20628022942242799148,16222279091090037058,22381515768230110018"
"Boxer Dog Mom Shirt: Boxer Illustration, Loyal Companion Tee","Boxer Dog Mom Shirt – Perfect Gift for Boxer Lovers

Show your love for your Boxer with this stylish Boxer Dog Mom shirt. Featuring a cute Boxer illustration and a clean curved breed design, this tee is perfect for proud dog moms and Boxer dog owners.

Whether you are walking your Boxer, relaxing at home, or searching for a thoughtful gift for a dog lover, this shirt is a fun way to celebrate one of the most loyal and playful dog breeds.

The design is available with white artwork for darker shirts and black artwork for lighter shirt colors so the graphic remains bold and readable across different tee colors.

Perfect Gift For

• Boxer dog owners
• Boxer dog moms
• Dog lovers
• Pet parents
• Birthday gifts
• Christmas gifts
• Mothers Day gifts for dog moms

Product Details

Comfort Colors introduces the Comfort Colors 1717 garment dyed t shirt made with soft washed ring spun cotton for everyday comfort.

• Heavyweight fabric 6.1 oz yd²
• Relaxed fit
• Pre shrunk 100 percent ring spun US cotton
• Garment dyed soft washed fabric
• Durable double needle stitching
• Sewn in label
• Available in multiple colors

Care Instructions

Machine wash cold
Tumble dry low heat
Do not bleach
Iron low heat if needed
Do not dry clean

This Boxer Dog Mom shirt makes a great gift for Boxer lovers and proud dog owners.

EU representative: HONSON VENTURES LIMITED, gpsr@honsonventures.com, 3, Gnaftis House flat 102, Limassol, Mesa Geitonia, 4003, CY
Product information: Gildan 5000, 2 year warranty in EU and Northern Ireland as per Directive 1999/44/EC
Warnings, Hazard: For adults, Made in Nicaragua
Care instructions: Machine wash: cold (max 30C or 90F), Non-chlorine: bleach as needed, Tumble dry: low heat, Do not iron, Do not dryclean",11.39,GBP,52947,"boxer_dog,boxer_mom_shirt,boxer_dog_mom,boxer_lover,boxer_gift,boxer_owner,dog_mom_shirt,pet_mom_shirt,cute_dog_shirt,dog_lover_gift,boxer_mama,dog_owner_gift,dog_mom_gift",,https://i.etsystatic.com/63847702/r/il/d32c22/7947185505/il_fullxfull.7947185505_ec0e.jpg,https://i.etsystatic.com/63847702/r/il/e06094/7947188337/il_fullxfull.7947188337_p059.jpg,https://i.etsystatic.com/63847702/r/il/af5ba5/7947192465/il_fullxfull.7947192465_4jqf.jpg,https://i.etsystatic.com/63847702/r/il/348c18/7899236150/il_fullxfull.7899236150_3l4o.jpg,https://i.etsystatic.com/63847702/r/il/f135f4/7899237220/il_fullxfull.7899237220_1gwf.jpg,https://i.etsystatic.com/63847702/r/il/2bebd2/7947196295/il_fullxfull.7947196295_jtaj.jpg,https://i.etsystatic.com/63847702/r/il/2715a9/7947197333/il_fullxfull.7947197333_lldo.jpg,https://i.etsystatic.com/63847702/r/il/7a33f5/7947197985/il_fullxfull.7947197985_dqdk.jpg,https://i.etsystatic.com/63847702/r/il/a743e2/7899240560/il_fullxfull.7899240560_l3ks.jpg,https://i.etsystatic.com/63847702/r/il/c72d3a/7899241152/il_fullxfull.7899241152_pm4l.jpg,"Custom Property",Colors,"Navy,Sport Grey,White,Black,Military Green,Dark Heather,Natural,Dark Heather Grey","Custom Property",Sizes,"S,M,L,XL,2XL,3XL,4XL,5XL","23530701096734601650,60661503735750997715,29649681385701570820,13285386501124423070,unavailable_sku,58345670457299714358,23084961837446701708,97611533243696699652,13342953961512461417,20431838643693764080,97392367674144208455,10409237756726619051,16777431320121106995,83607040405247383771,13031651420605665743,17540149706257065022,32396669960200269263,20009717614300657680,22918420628315097464,20984140639159245745,11852430614448090685,40269655019902803132,17226676942720342547,29608764297722520058,10134746210655660893,31715524452424625624,59538996366378065687,28865799951898460710,11090891371218647870,25984148303712148842,12159428231109374826,27282424068565443246,12109442407188543975,13838330249007392202,10001474465361060302,33117547755470005636,12667400246316347660,16059172430655880216,36278080848479198842,21767398209784994132,66914908438565362220,30416415585216237954,11781820211220858354,29314494154885129520,27353125683973709368,26140913043445559169,13437538933323063015,94736546528051781314,69592088264551758735,88352537208175874553,15775998047845888161,18912224627588402707,96115827707126668346,77171653271005584917"
"French Bulldog Mom Shirt: Frenchie Dog Lover Gift – Comfort Colors Tee","French Bulldog Mom Shirt – Perfect Gift for Dog Lovers

Show your love for your French Bulldog with this stylish French Bulldog Mom shirt. Featuring a cute Frenchie illustration and a clean curved breed design, this shirt is perfect for proud dog moms and French Bulldog owners.

Whether you are walking your Frenchie, relaxing at home, or looking for a thoughtful gift for a dog lover, this shirt is a fun and meaningful way to celebrate one of the most lovable dog breeds.

This design is available with white artwork for dark shirts and black artwork for lighter shirt colors so the design stays clear and readable across different tee colors.

Perfect Gift For

• French Bulldog owners
• Frenchie dog moms
• Dog lovers
• Pet parents
• Birthday gifts
• Christmas gifts
• Mothers Day gifts for dog moms

Product Details

Comfort Colors introduces the Comfort Colors 1717 garment dyed t shirt made from soft washed ring spun cotton for everyday comfort.

• Heavyweight fabric 6.1 oz yd²
• Relaxed fit
• Pre shrunk 100 percent ring spun US cotton
• Garment dyed soft washed fabric
• Durable double needle stitching
• Sewn in label
• Available in multiple colors

Care Instructions

Machine wash cold
Tumble dry low heat
Do not bleach
Iron low heat if needed
Do not dry clean

This French Bulldog Mom shirt makes a great gift for Frenchie lovers and proud dog owners.

EU representative: HONSON VENTURES LIMITED, gpsr@honsonventures.com, 3, Gnaftis House flat 102, Limassol, Mesa Geitonia, 4003, CY
Product information: Bella+Canvas 3001, 2 year warranty in EU and Northern Ireland as per Directive 1999/44/EC
Warnings, Hazard: For adults, Blank product sourced from Honduras
Care instructions: Machine wash: cold (max 30C or 90F), Non-chlorine: bleach as needed, Tumble dry: low heat, Iron, steam or dry: medium heat, Do not dryclean",11.08,GBP,59940,"french_bulldog,frenchie_mom,frenchie_dog_mom,frenchie_lover,dog_mom_shirt,frenchie_gift,frenchie_owner,dog_lover_shirt,pet_mom_shirt,cute_dog_shirt,frenchie_mama,dog_owner_gift,dog_mom_gift",,https://i.etsystatic.com/63847702/r/il/fc8024/7949206405/il_fullxfull.7949206405_nizh.jpg,https://i.etsystatic.com/63847702/r/il/3132ad/7949206665/il_fullxfull.7949206665_njgp.jpg,https://i.etsystatic.com/63847702/r/il/ce9680/7949206937/il_fullxfull.7949206937_mrg6.jpg,https://i.etsystatic.com/63847702/r/il/f4046c/7949207121/il_fullxfull.7949207121_q8rk.jpg,https://i.etsystatic.com/63847702/r/il/5a7804/7901256674/il_fullxfull.7901256674_h443.jpg,https://i.etsystatic.com/63847702/r/il/c88eac/7949207591/il_fullxfull.7949207591_bzjd.jpg,https://i.etsystatic.com/63847702/r/il/030eb3/7901257326/il_fullxfull.7901257326_1vo2.jpg,https://i.etsystatic.com/63847702/r/il/4ab963/7901257804/il_fullxfull.7901257804_7ayd.jpg,https://i.etsystatic.com/63847702/r/il/c6742d/7901258088/il_fullxfull.7901258088_4f7u.jpg,https://i.etsystatic.com/63847702/r/il/9dc5a0/7949209173/il_fullxfull.7949209173_ccng.jpg,"Custom Property",Colors,"Navy,Royal,Sport Grey,White,Black,Military Green,Dark Heather,Natural,Dark Heather Grey","Custom Property",Sizes,"S,M,L,XL,2XL,3XL,4XL,5XL","21712164549963933454,30839980600811773862,unavailable_sku,64037039759003722352,23132065005635013256,28099064357469330509,57598497764612377679,10704313988014319894,20307926426809293235,33223208849313157923,15208218646870751840,17949835410310092693,93999129500242907413,28618826767506159517,56274104987576962112,32696156656850230271,48708770637796300665,25095965068477651032,21259163328061807467,32791092105711910743,38708023983944201797,12794045479005941794,88070818846795759193,30499830569716224105,32758238939887669558,26558096194827357584,26827374096286902131,22711950514059665465,23695906197086540153,79159492536564531021,22286459834174161631,74375874438851538759,21162762719478652165,17879783927531794373,20772147845708884470,75273075563898980035,24713518051898767136,93512203413837302089,26121123066679893462,27802556164593649364,10021858880456886728,44990146798071331346,11027557394548535263,21094672313364576905,59924550384404234264,32534665055262147626,14693102789309496640,27931372395950216616,30428091482465680660,27298975105850809831,24633908601931866339,31419862053265795898,32451592755798534658,47706010142506262124,52280267057951602095,33099365720511788532,50028011668118497409,27423644769491032981,56250992526578890679,16252733373461975017,14382242583244263119"
"Yorkshire Terrier Mom Shirt: Yorkie Dog Lover Tee, Proud Owner Gift","Yorkshire Terrier Mom Shirt – Perfect Gift for Dog Lovers

Show off your love for your Yorkshire Terrier with this stylish Yorkshire Terrier Mom shirt. Featuring a cheerful Yorkie illustration and a clean curved breed design, this tee is perfect for proud dog moms and Yorkshire Terrier owners.

Whether you are walking your Yorkie, relaxing at home, or looking for a thoughtful gift for a dog lover, this shirt is a fun and meaningful way to celebrate your favorite breed.

This design is available with white artwork for dark shirts and black artwork for lighter shirt colors to keep the design clear and readable across multiple styles.

Perfect Gift For

• Yorkshire Terrier owners
• Yorkie dog moms
• Dog lovers
• Pet parents
• Birthday gifts
• Christmas gifts
• Mothers Day gifts for dog moms

Product Details

Comfort Colors introduces the Comfort Colors 1717 garment dyed t shirt, made from soft washed ring spun cotton for everyday comfort.

• Heavyweight fabric 6.1 oz yd²
• Relaxed fit
• Pre shrunk 100 percent ring spun US cotton
• Garment dyed soft washed fabric
• Durable double needle stitching
• Sewn in label
• Available in multiple colors

Care Instructions

Machine wash cold
Tumble dry low heat
Do not bleach
Iron low heat if needed
Do not dry clean

This Yorkshire Terrier Mom shirt makes a great gift for Yorkie lovers and proud dog owners.

EU representative: HONSON VENTURES LIMITED, gpsr@honsonventures.com, 3, Gnaftis House flat 102, Limassol, Mesa Geitonia, 4003, CY
Product information: Comfort Colors® 1717, 2 year warranty in EU and Northern Ireland as per Directive 1999/44/EC
Warnings, Hazard: Made in Honduras
Care instructions: Machine wash: cold (max 30C or 90F), Do not bleach, Tumble dry: low heat, Iron, steam or dry: low heat, Do not dryclean",19.99,GBP,51948,"yorkshire_terrier,yorkie_mom_shirt,yorkie_dog_mom,dog_mom_shirt,yorkie_lover,yorkie_gift,yorkie_owner_gift,small_dog_lover,pet_mom_shirt,cute_dog_shirt,yorkie_mama,dog_lover_gift,dog_mom_gift",,https://i.etsystatic.com/63847702/r/il/5421d7/7946254409/il_fullxfull.7946254409_swly.jpg,https://i.etsystatic.com/63847702/r/il/a37c9a/7898293576/il_fullxfull.7898293576_a7m6.jpg,https://i.etsystatic.com/63847702/r/il/2d2944/7898294100/il_fullxfull.7898294100_m4m7.jpg,https://i.etsystatic.com/63847702/r/il/f6ecdf/7946255659/il_fullxfull.7946255659_e63s.jpg,https://i.etsystatic.com/63847702/r/il/0837d0/7898295164/il_fullxfull.7898295164_ey0q.jpg,https://i.etsystatic.com/63847702/r/il/a69771/7946256693/il_fullxfull.7946256693_i3ng.jpg,https://i.etsystatic.com/63847702/r/il/f7918c/7898295898/il_fullxfull.7898295898_mskn.jpg,https://i.etsystatic.com/63847702/r/il/6f6431/7946257403/il_fullxfull.7946257403_i4hf.jpg,,,"Custom Property",Colors,"Navy,Royal,Sport Grey,White,Military Green,Dark Heather,Natural,Dark Heather Grey","Custom Property",Sizes,"S,M,L,XL,2XL,3XL,4XL","20615556496596363614,28365148998061881273,23571329990583275691,83577734085472613138,21807055216898654278,34416517755342410602,28961526515639611347,43036173741149124461,47328244549640706319,24373360289014465458,10863550235884134800,51316098494772370201,23411617439396607186,78584272516523863117,88775402360458181867,94334348672533683298,27504128249677811959,10122076957827853826,25848411225719756616,27996957911096124578,26467736162980855561,19497415066361372569,10571933702779686354,21391517010876431680,41657180712129320110,17151325830786604389,21849933965132407685,13865184859079118100,16035134689159342355,92310997270181112524,50926146200075227117,13280270380074833071,19905924450769887068,unavailable_sku,30986971278387478335,30159936693444221673,26582879659867147648,10567389769572561269,30717196847139313365,12097706585891204768,25470789455415546111,17977302956851435861,38044322705741427226,23852563410310326056,76805268131557486604,23664898018269417422,20801256450120905237,82844116658789830210,25872790167058167622,27203255750864571052,32185014728885746029,52401829720026901986,18477622725146015138"
"Golden Retriever Mom Shirt: Dog Lover Gift, Modern Illustration Tee","Golden Retriever Mom Shirt – Perfect Gift for Dog Lovers

Celebrate your love for Golden Retrievers with this stylish and comfortable Golden Retriever Mom shirt. Featuring a cheerful golden retriever illustration with a clean modern layout, this tee is perfect for proud dog moms and golden retriever owners.

Whether you are walking your dog in the park, relaxing at home, or looking for the perfect gift for a dog lover, this shirt is a fun and meaningful way to show your love for your favorite breed.

This design is available in white text for dark shirts and black text for lighter colors so the artwork remains clear and readable across multiple color options.

Perfect Gift For

• Golden Retriever owners
• Dog moms
• Dog lovers
• Pet parents
• Birthday gifts
• Christmas gifts
• Mothers Day gifts for dog moms

Comfort Colors 1717 Garment Dyed T Shirt

Comfort Colors introduces the Comfort Colors 1717 garment dyed t shirt. This premium tee is made from soft washed ring spun cotton and offers a relaxed fit designed for everyday comfort.

Product Details

• Heavyweight fabric 6.1 oz yd²
• Relaxed fit
• Pre shrunk 100 percent ring spun US cotton
• Garment dyed soft washed fabric
• Durable double needle stitching
• Sewn in label
• Available in multiple colors

Care Instructions

Machine wash cold
Tumble dry low heat
Do not bleach
Do not dry clean
Iron low heat if needed

This golden retriever mom shirt makes a great gift for anyone who loves dogs and especially the loyal and friendly golden retriever.

EU representative: HONSON VENTURES LIMITED, gpsr@honsonventures.com, 3, Gnaftis House flat 102, Limassol, Mesa Geitonia, 4003, CY
Product information: Comfort Colors® 1717, 2 year warranty in EU and Northern Ireland as per Directive 1999/44/EC
Warnings, Hazard: Made in Honduras
Care instructions: Machine wash: cold (max 30C or 90F), Do not bleach, Tumble dry: low heat, Iron, steam or dry: low heat, Do not dryclean",16.48,GBP,57942,"golden_retriever,golden_mom_shirt,retriever_mom,dog_mom_shirt,dog_lover_shirt,golden_dog_lover,pet_mom_shirt,dog_owner_gift,cute_dog_shirt,golden_retriever_mom,dog_lover_gift,retriever_lover,dog_mom_gift",,https://i.etsystatic.com/63847702/r/il/3b1ee7/7841951407/il_fullxfull.7841951407_dtx3.jpg,https://i.etsystatic.com/63847702/r/il/c52b93/7793997318/il_fullxfull.7793997318_br2r.jpg,https://i.etsystatic.com/63847702/r/il/c855db/7841797255/il_fullxfull.7841797255_8j2e.jpg,https://i.etsystatic.com/63847702/r/il/9a2c02/7841798827/il_fullxfull.7841798827_lytu.jpg,https://i.etsystatic.com/63847702/r/il/b80e2a/7841799827/il_fullxfull.7841799827_64wi.jpg,https://i.etsystatic.com/63847702/r/il/1385ea/7793869098/il_fullxfull.7793869098_i2ns.jpg,https://i.etsystatic.com/63847702/r/il/6059a0/7793869854/il_fullxfull.7793869854_dkvn.jpg,https://i.etsystatic.com/63847702/r/il/2e343a/7841801941/il_fullxfull.7841801941_jytq.jpg,,,"Custom Property","Comfort Colors® Colors","Black,White,Bay,Blue Jean,Blue Spruce,Chambray,Grey,Orchid,True Navy,Pepper,Violet,Ivory,Blossom","Custom Property","Clothing sizes","S,M,L,XL,2XL,3XL","41162099286425888083,25205405259377551668,21497615404595523900,96049437075180472991,14420413183524109417,17152026669277131939,27244302461869929524,62961133816672509761,27381561989116186175,29083394865661223062,67242685615354094117,12113978964403073961,47962115531403357397,61733093534327380224,unavailable_sku,36472330309529436192,14635183370571268890,17757434172888318002,32077995896113931601,59287354433973077150,51168642677157643337,29424931982972814929,20929916880205603893,55443476113639232720,29987858738049271819,15410679079193402666,19713046767613391657,10685882903489570659,17386258926658384502,27641635053651790388,30238258395755571972,21159564151412318488,18183908005535463858,79294169205536738709,14444704263752990125,28434550620986432371,12575465038471367521,29355521325265794168,21630599655995573539,23503225169308479929,24410216564906868880,14234995437761516052,33080058250646647003,83289370519628357763,19386397984420736788,28029991190382211949,14969881110059154817,80123746898985133084,35851383147826308810,22378313197472887682,35699395820027438011,27501045558090145560,29282991751559115182,12690898061242648749,25626648838567897317,31017624028168622205,28721827643702032823,30602302895419388686,18755150716884323907"
"Floral Dog Mom Shirt Tulip Wreath Paw Print Pet Lover Tee","Celebrate the love between a woman and her dog with this cute floral Dog Mom shirt featuring a soft tulip wreath design and paw print detail. This charming pet lover shirt makes a thoughtful gift for dog owners, dog moms, and animal lovers who want to show their pride in their furry best friend.

The elegant floral frame and soft pastel colours create a stylish aesthetic that works perfectly for everyday wear. Whether you are walking your dog, relaxing at home, or meeting fellow pet lovers, this shirt is a fun and comfortable way to express your dog mom life.

This design is ideal as a gift for birthdays, holidays, Mother's Day, or simply to surprise a proud dog owner.

Perfect for:

Dog moms
Pet lovers
Animal lovers
New puppy owners
Dog rescue supporters

Shirt details:

Premium soft cotton unisex tee
Comfortable classic fit
Lightweight breathable fabric
Durable print designed for everyday wear

A thoughtful and stylish dog lover gift that any proud dog mom will love wearing.

EU representative: HONSON VENTURES LIMITED, gpsr@honsonventures.com, 3, Gnaftis House flat 102, Limassol, Mesa Geitonia, 4003, CY
Product information: Gildan 5000, 2 year warranty in EU and Northern Ireland as per Directive 1999/44/EC
Warnings, Hazard: For adults, Made in Nicaragua
Care instructions: Machine wash: cold (max 30C or 90F), Non-chlorine: bleach as needed, Tumble dry: low heat, Do not iron, Do not dryclean",12.87,GBP,54945,"dog_mom_shirt,dog_mom_gift,dog_lover_shirt,pet_mom_shirt,dog_mama_shirt,dog_owner_gift,floral_dog_mom,tulip_dog_shirt,pet_lover_gift,cute_dog_shirt,dog_mom_tee,puppy_mom_shirt,dog_lover_gift",,https://i.etsystatic.com/63847702/r/il/6e53fe/7841645373/il_fullxfull.7841645373_fxif.jpg,https://i.etsystatic.com/63847702/r/il/b373bd/7841643475/il_fullxfull.7841643475_goof.jpg,https://i.etsystatic.com/63847702/r/il/421489/7793657272/il_fullxfull.7793657272_sdzv.jpg,https://i.etsystatic.com/63847702/r/il/69407a/7841590603/il_fullxfull.7841590603_2aam.jpg,https://i.etsystatic.com/63847702/r/il/b8e081/7793658098/il_fullxfull.7793658098_aads.jpg,https://i.etsystatic.com/63847702/r/il/23d580/7793658560/il_fullxfull.7793658560_borq.jpg,https://i.etsystatic.com/63847702/r/il/a93716/7841592413/il_fullxfull.7841592413_43cy.jpg,https://i.etsystatic.com/63847702/r/il/695fac/7793660350/il_fullxfull.7793660350_dmwj.jpg,https://i.etsystatic.com/63847702/r/il/03b3a3/7793660770/il_fullxfull.7793660770_42gm.jpg,https://i.etsystatic.com/63847702/r/il/c655d8/7841594081/il_fullxfull.7841594081_lcua.jpg,"Custom Property",Colors,"Charcoal,Light Blue,Light Pink,Natural,Red,Royal,Sand,Sport Grey,White","Custom Property",Sizes,"S,M,L,XL,2XL,3XL,4XL,5XL","20300307818159300547,30189124407644852979,29645013554631421181,31439429765896101923,28988436224458339848,28113508646883008367,unavailable_sku,88337869114573740188,12353222688046823335,24729988091123759508,18810709158183202816,16235909315056239458,29222568009352520972,18690045700378569800,17454218647297141782,21161321556307743464,46403782256658717017,17313550648956765049,19619690851925452166,18960616822289574273,75522085980793618980,10669813188159717909,20826927052610679461,12741213207765299335,97116782832318146169,57285727566568823376,33775462485052253476,22977197198020767544,14850903022727356608,20352797998785744718,18297016190039245615,27147470498777145993,55344380633542106901,38610698872616358058,72089250275036575892,29518115580526070578,34071074479182848106,51534970679344263387,94913772078708202678,11376631183531339879,16888742352109293633,13248230571553084973,20815533754907111272,27128649325450499865,32256466522054324762,18111246197395446354,24939411702715591604,35329316790557021495,36294701522082234835,93204031898694819269,20038490463893499704,13115729268728150771,11024605809901544583,25960785269470020739,40011989628478527907,31252500858953918598"
"50th Birthday Programmer Shirt: Version 5.0 Stable Build (Born 1976)","Version 5.0 Stable Build

Born in 1976
Celebrate turning 50 with a design inspired by classic software versioning. This geek friendly birthday shirt displays Version 5.0 Stable Build EST 1976, perfect for developers, engineers, tech lovers, and anyone who appreciates retro computer humor.

A fun gift for programmers, IT professionals, retro tech fans, and anyone celebrating their 50th birthday in 2026.

Great for:

• 50th birthday parties
• programmer gifts
• retro computer fans
• software developer humor
• tech themed birthdays

The minimalist version style makes it look like a software release label, turning age into a stable build.

Shirt Details

The Gildan Softstyle 64000 is a lightweight and comfortable unisex t shirt designed for everyday wear.

• 100 percent ring spun cotton
• lightweight fabric 4.5 oz
• classic unisex fit
• tear away label for comfort
• durable ribbed collar
• ethically produced cotton

Heather colors use cotton polyester blends for durability.

This shirt is soft, breathable and ideal for casual wear, birthdays or everyday tech humor.

Perfect Gift For

Programmers
software developers
IT professionals
tech enthusiasts
retro computing fans
anyone born in 1976

Part of the 1.44MB Originals Collection

This design is part of the 1.44MB Originals retro tech series, inspired by floppy disks, classic computing and programmer culture.

EU representative: HONSON VENTURES LIMITED, gpsr@honsonventures.com, 3, Gnaftis House flat 102, Limassol, Mesa Geitonia, 4003, CY
Product information: Gildan 64000, 2 year warranty in EU and Northern Ireland as per Directive 1999/44/EC
Warnings, Hazard: For adults, Made in Bangladesh
Care instructions: Machine wash: cold (max 30C or 90F), with similar colors , Do not bleach, Tumble dry: low heat, Iron, steam or dry: low heat, Do not dryclean",14.36,GBP,79920,"50th_birthday_gift,born_in_1976_shirt,1976_birthday_shirt,50th_birthday_shirt,age_50_birthday_gift,1976_gift_idea,retro_geek_shirt,programmer_gift,coder_birthday_gift,developer_gift_shirt,retro_tech_shirt,software_humor_tee,funny_birthday_tee",,https://i.etsystatic.com/63847702/r/il/be07d9/7900808857/il_fullxfull.7900808857_f386.jpg,https://i.etsystatic.com/63847702/r/il/2fdceb/7900829677/il_fullxfull.7900829677_hi85.jpg,https://i.etsystatic.com/63847702/r/il/91e29e/7808310888/il_fullxfull.7808310888_oqzj.jpg,https://i.etsystatic.com/63847702/r/il/fee6bb/7793069514/il_fullxfull.7793069514_910j.jpg,https://i.etsystatic.com/63847702/r/il/f79e3d/7808412960/il_fullxfull.7808412960_3gb6.jpg,https://i.etsystatic.com/63847702/r/il/53249a/7795141992/il_fullxfull.7795141992_k8ze.jpg,https://i.etsystatic.com/63847702/r/il/aba612/7793075512/il_fullxfull.7793075512_6v2f.jpg,https://i.etsystatic.com/63847702/r/il/d50cd7/7841000757/il_fullxfull.7841000757_g0jc.jpg,https://i.etsystatic.com/63847702/r/il/abc489/7841001501/il_fullxfull.7841001501_ns8s.jpg,https://i.etsystatic.com/63847702/r/il/b17811/7841001877/il_fullxfull.7841001877_3kea.jpg,"Custom Property",Colors,"Light Blue,Navy,Purple,Sport Grey,White,Black,Forest Green,Military Green,Azalea,Heather Navy,Dark Heather,Natural,Carolina Blue,Graphite Heather,Sand,Indigo Blue","Custom Property",Sizes,"S,M,L,XL,2XL,3XL","93682854602062459612,29549834684603800191,23011967088624860639,53586916341136702265,23105679466490865760,unavailable_sku,14851083076072953663,22818716807578471164,44612031064519941121,46911323565911921281,10592992594563868233,47373257419613624699,13015634518745496131,31854060218082642122,16677141011917607448,47757651515545373352,26611926149035995532,26004576320137177348,10993847990627618001,15161198433757133805,21275699009053272978,33172497593124946780,21489612283184625698,12269967987376735074,22705574455399970300,13068757011322148138,15894173419652285680,15876015167483655506,20205574070108505944,20799251054247828679,95921726660435481710,46369397205697203661,25387795019143137340,14904391627221536254,23228456660414265727,20091345512420518255,23554509858520634784,21164049129534753724,33652260336783373537,24588246920199030502,17608071305810873951,11404815613420262914,25899316637888258198,45072761207222076394,21897943060753770271,30923705080628466308,10918552951315989972,15170532384971689295,87509698555190519010,17487651395168185642,92149094066456742511,56837708245826832637,19739580406995920447,18976174812825861071,29362226016898359801,20885107505773947361,27613822219798423593,29358548730555037696,31888758300773573343,20750607157270350604,26030102923328560927,60098218329399479508,68890208197026862542,92686899992310093757,18543480983275837198,25837100082327962201,28441725947507536564,12357311410383122603,32203905976121665053,32157723537648825342,32110782117484733356,16166920545525398003,33096960534286429180,18903325239083898197,22908890529817419739,80478049161281194358,20420669044843054231,22041878926238737039,14256633016194918460,15836498011193966676,29936413644503752315,28660900842305352199,15456387324843049832"
"1984 Birthday Shirt: Version 4.0 Stable Build Tee, Retro Tech Programmer Gift","Version 4.0. Stable Build. Established 1984.

Celebrate a major milestone with a clean developer inspired birthday design. This minimalist version style graphic is perfect for anyone born in 1984, representing a stable build that has been running successfully for four decades.

Inspired by classic software version numbers and terminal style formatting, the layout has a subtle technical aesthetic that programmers, engineers, developers and tech enthusiasts will instantly recognise.

Turning 40 is a big upgrade, and this design celebrates that milestone in a fun but understated way. It is ideal for birthdays, parties, or as a thoughtful gift for someone who appreciates technology, coding culture or geek humour.

Perfect for:

• 40th birthday celebrations
• Gifts for someone born in 1984
• Programmer or developer humour
• Tech enthusiasts and engineers
• Minimalist retro tech style

The clean typography ensures the year and version number stand out clearly while keeping the design modern and wearable.

Shirt Details

The Gildan Softstyle® 64000 offers a lightweight feel with a modern unisex fit and smooth surface for crisp prints.

• Made from 100 percent ring spun cotton
• Lightweight fabric 4.5 oz per square yard 153 g per square metre
• Classic fit with crew neckline
• Twill taped shoulders for durability
• No side seams for added comfort
• Rib knit collar that helps maintain shape
• Pearlised tear away label

Fabric blends:

Heather colours 35 percent ring spun cotton 65 percent polyester
Sport Grey and Antique colours 90 percent cotton 10 percent polyester
Graphite Heather 50 percent ring spun cotton 50 percent polyester

A fun and clever birthday shirt for anyone proudly running Version 4.0 since 1984.

EU representative: HONSON VENTURES LIMITED, gpsr@honsonventures.com, 3, Gnaftis House flat 102, Limassol, Mesa Geitonia, 4003, CY
Product information: Gildan 64000, 2 year warranty in EU and Northern Ireland as per Directive 1999/44/EC
Warnings, Hazard: For adults, Made in Bangladesh
Care instructions: Machine wash: cold (max 30C or 90F), with similar colors , Do not bleach, Tumble dry: low heat, Iron, steam or dry: low heat, Do not dryclean",16.4,GBP,91908,"1984_birthday,born_in_1984,1984_shirt,40_birthday,birthday_tee,version_shirt,tech_humor,nerd_shirt,coder_gift,geek_shirt,retro_tech,dev_humor,programmer_gift",,https://i.etsystatic.com/63847702/r/il/9a9c79/7850703916/il_fullxfull.7850703916_gy62.jpg,https://i.etsystatic.com/63847702/r/il/004e81/7837580667/il_fullxfull.7837580667_jbw6.jpg,https://i.etsystatic.com/63847702/r/il/56c6a5/7785463396/il_fullxfull.7785463396_10d0.jpg,https://i.etsystatic.com/63847702/r/il/4bbcb5/7785463636/il_fullxfull.7785463636_4az0.jpg,https://i.etsystatic.com/63847702/r/il/8d859c/7785464090/il_fullxfull.7785464090_ax9b.jpg,https://i.etsystatic.com/63847702/r/il/a103a8/7833394605/il_fullxfull.7833394605_ls45.jpg,https://i.etsystatic.com/63847702/r/il/ea1a4a/7785465368/il_fullxfull.7785465368_mfko.jpg,https://i.etsystatic.com/63847702/r/il/1d81d1/7833396293/il_fullxfull.7833396293_6ptl.jpg,https://i.etsystatic.com/63847702/r/il/8365b2/7833396789/il_fullxfull.7833396789_rthe.jpg,https://i.etsystatic.com/63847702/r/il/05f264/7833397127/il_fullxfull.7833397127_287g.jpg,"Custom Property",Colors,"Charcoal,Navy,Royal,Sport Grey,White,Black,Forest Green,Military Green,Azalea,Heather Navy,Dark Heather,Maroon,Natural,Gold,Carolina Blue,Graphite Heather,Sand,Indigo Blue","Custom Property",Sizes,"S,M,L,XL,2XL,3XL","48263912971573599374,31763099420095638986,45352370205422726717,30184893250767884287,unavailable_sku,20260395638193787276,15763110789955740574,68978751778200701362,98810701349617958597,22345808302919550045,15436463233298484735,84887753853808917847,20009235927506602096,80352347856587807133,15759897794473776927,29498381920638396122,16625256638612558183,31011256527663811650,25528468812376706158,17744015004042066598,27008681481811951952,18268396245098885339,76022028910042490660,48130801688216601635,20582774424329817092,30538660954665850104,24802970438203523828,13451182835613964811,21133881262455901406,21120787165654515608,28172602728516925270,29303415707930456752,20625085180144478151,30760306380473806247,77526147212077614891,12361062234212818574,13018604917074485542,54893523259555104976,71711399394441922865,11996038217113444181,50430132635200103741,68592236721717130985,82518263395559849096,26988284333122233183,24647640328375706987,14741641824234745105,25887778862022781370,80245734492911670558,71029720777552359016,16024012231330327066,31655850169829014743,15432161226788871801,12023053573443578226,88479815725086791797,19206287144278134102,26862277707504278885,76996467108623557459,27043881167660891099,53674991267995916739,32268710902775288450,28741609844313420754,11681565510672654060,24345493878924711745,28360885500795287176,19959025104788399647,32700642634922359261,29217305725380989789,25478421254515281726,10854136987908861977,22875451917854274696,10065629635899223500,31683986353076908155,73163444883383995059,20554703935891100377,17602174413084210819,32642161643371799570,21140887573362677856,26327723958496581868,33268394941948043628,13492776413275329894,23169161477001034277,73225789673751317069,28909654697052171896,20472512103114382340,17229394390984944753,18978068855488153350,31100000268379677410,17320871270918648244,28536505076763875886,52188886513331837473,29757113704411169844,29595436826142068431,29573742424323564269"
"1989 Stable Build Version 3.5 T-Shirt: Retro Tech Programmer Gift","Version 3.5. Stable Build. Established 1989.

Celebrate a milestone birthday with a clean developer inspired design. This minimalist version style graphic is perfect for anyone born in 1989, marking a stable build that has been running strong for decades.

Inspired by classic software versioning and terminal style layouts, the design has a subtle tech aesthetic that programmers, developers and engineers instantly recognise. The simple structure makes the birth year stand out while keeping the overall look modern and understated.

This shirt makes a great gift for a 36th birthday and is perfect for anyone who enjoys technology, coding culture, retro computing style, or clever nerd humour.

Ideal for:

• Birthday gifts for people born in 1989
• 36th birthday celebrations
• Programmers and developers
• Tech enthusiasts and engineers
• Minimalist retro tech design lovers

The clean typography also makes the shirt easy to read from a distance while maintaining a stylish minimalist look.

Shirt Details

The Gildan Softstyle® 64000 provides a comfortable lightweight fit with a smooth surface ideal for crisp printing.

• Made with 100 percent ring spun cotton
• Lightweight fabric 4.5 oz per square yard 153 g per square metre
• Classic unisex fit with crew neckline
• Twill taped shoulders for durability
• No side seams for improved comfort
• Rib knit collar that helps maintain shape
• Pearlised tear away label

Fabric blends:

Heather colours 35 percent ring spun cotton 65 percent polyester
Sport Grey and Antique colours 90 percent cotton 10 percent polyester
Graphite Heather 50 percent ring spun cotton 50 percent polyester

A simple and clever birthday shirt for anyone proudly running Version 3.5 since 1989.

EU representative: HONSON VENTURES LIMITED, gpsr@honsonventures.com, 3, Gnaftis House flat 102, Limassol, Mesa Geitonia, 4003, CY
Product information: Gildan 64000, 2 year warranty in EU and Northern Ireland as per Directive 1999/44/EC
Warnings, Hazard: For adults, Made in Bangladesh
Care instructions: Machine wash: cold (max 30C or 90F), with similar colors , Do not bleach, Tumble dry: low heat, Iron, steam or dry: low heat, Do not dryclean",14.36,GBP,79920,"1989_birthday,born_in_1989,1989_shirt,36_birthday,birthday_tee,version_shirt,tech_humor,nerd_shirt,coder_gift,geek_shirt,retro_tech,dev_humor,programmer_gift",,https://i.etsystatic.com/63847702/r/il/eacc25/7898642849/il_fullxfull.7898642849_tv23.jpg,https://i.etsystatic.com/63847702/r/il/347a6a/7837582655/il_fullxfull.7837582655_44we.jpg,https://i.etsystatic.com/63847702/r/il/e57914/7781063354/il_fullxfull.7781063354_cqk4.jpg,https://i.etsystatic.com/63847702/r/il/2f6f48/7828992047/il_fullxfull.7828992047_3ob0.jpg,https://i.etsystatic.com/63847702/r/il/9e5ed6/7828992409/il_fullxfull.7828992409_k9cn.jpg,https://i.etsystatic.com/63847702/r/il/90e0cf/7828992747/il_fullxfull.7828992747_mryn.jpg,https://i.etsystatic.com/63847702/r/il/c533b6/7781065040/il_fullxfull.7781065040_cuyz.jpg,https://i.etsystatic.com/63847702/r/il/7e7ae0/7781065382/il_fullxfull.7781065382_daa0.jpg,https://i.etsystatic.com/63847702/r/il/c07458/7828994065/il_fullxfull.7828994065_j7kn.jpg,https://i.etsystatic.com/63847702/r/il/a82803/7828994645/il_fullxfull.7828994645_mf2h.jpg,"Custom Property",Colors,"Charcoal,Navy,Royal,Sport Grey,White,Black,Forest Green,Military Green,Azalea,Heather Navy,Dark Heather,Maroon,Natural,Carolina Blue,Graphite Heather,Indigo Blue","Custom Property",Sizes,"S,M,L,XL,2XL,3XL","19912058483872457218,20950176172587327751,11022196049425473948,unavailable_sku,17028202868313551555,31226970530607468475,19616707436326788469,24347108140661305741,17367160750927641783,15521046183163805347,28781252972507167389,43576066458571112222,28295085042371451064,21338782198961033591,43474758454276415537,14898853745172343410,28548644232465079643,97388018529175845350,25903298450309525744,82379024218850316512,19414871536921330665,49428822923708412045,11093031372019240366,76120465516375688080,23359637045412522081,17591942572338841846,22712124174274524802,26180072478540424525,80541749395245060844,81263966027178913235,19457828953787794343,15346889792111774281,82331593801713332281,31876934850626189226,14860067617383301302,17727820770985564215,14440522153195628195,12926978158810434982,12428677740512521254,19500538248179820442,16590675968825443132,27690584186235338237,36961049844552944639,29013992444141074521,47665187057922851430,32355229591717617676,32068824495971480963,18916475916049268114,23550724822246349117,28515788992932429078,26184671718946889262,11573267255277724417,10661474734873179961,19061515186235022664,32544561991384396044,32888904647476134109,55256305785029688859,17260440202556788198,17258885538030826738,21426939635700239265,81864505764371041357,31840900579168351536,95658783606799897242,27016376714853809582,51351678571737836081,31233677616984499018,29963623468588517788,10730319294931641828,22217136974189669178,19284496904256587879,31494882544814028874,27562269693031238000,27151740008022410388,25648449442214717435,14413316871962137850,29042380947493229472,21830257625743880657,23221341146974539996,10414544783093026890,11113878219067859327,12580419152240124746,18986549875901640591,25244066598938926596"
"1994 Stable Build Version 3.0 Birthday Programmer T-Shirt","Version 3.0. Stable Build. Established 1994.

A clean software style birthday design for anyone born in 1994. Inspired by classic developer versioning and terminal aesthetics, this minimalist graphic celebrates a stable build that has been running strong since 1994.

Perfect for programmers, tech enthusiasts, developers, or anyone who appreciates subtle nerd humour. The version style layout gives the design a modern technical look while still clearly celebrating a milestone birthday.

This makes a great gift for a 30th birthday, developer friend, software engineer, or anyone who grew up in the 90s.

Ideal for:
• Birthday gifts for people born in 1994
• Programmer or developer humour
• Minimalist retro tech aesthetic
• Casual everyday wear or birthday parties

The Gildan Softstyle® 64000 redefines casual comfort with a modern unisex cut and ultra soft materials. Solid colours are 100 percent cotton, while heathers and sport grey use polyester blends for added durability. Shoulders are reinforced with twill tape, there are no side seams for a smoother fit, and the ribbed knit collar helps prevent curling. Whether for printing or everyday wear, the Gildan 64000 stands out as a dependable wardrobe staple.

Product features:

• Made with 100 percent ring spun cotton for a lightweight comfortable feel
• Fabric weight 4.5 oz per square yard 153 g per square metre
• Classic fit with crew neckline for versatile everyday wear
• Pearlised tear away label for comfort
• Ethically grown and harvested US cotton
• Certified by Oeko Tex for safety and quality assurance

Fabric blends:
Heather colours 35 percent ring spun cotton 65 percent polyester
Sport Grey and Antique colours 90 percent cotton 10 percent polyester
Graphite Heather 50 percent ring spun cotton 50 percent polyester

A subtle and humorous birthday shirt for anyone proudly running Version 2.8 since 1996.

EU representative: HONSON VENTURES LIMITED, gpsr@honsonventures.com, 3, Gnaftis House flat 102, Limassol, Mesa Geitonia, 4003, CY
Product information: Gildan 64000, 2 year warranty in EU and Northern Ireland as per Directive 1999/44/EC
Warnings, Hazard: For adults, Made in Bangladesh
Care instructions: Machine wash: cold (max 30C or 90F), with similar colors , Do not bleach, Tumble dry: low heat, Iron, steam or dry: low heat, Do not dryclean",13.33,GBP,52947,"1994_birthday,born_in_1994,1994_shirt,version_shirt,birthday_tee,tech_humor,nerd_shirt,coder_gift,dev_humor,retro_tech,30_birthday,geek_shirt,programmer_gift",,https://i.etsystatic.com/63847702/r/il/4c2675/7947286487/il_fullxfull.7947286487_cwwh.jpg,https://i.etsystatic.com/63847702/r/il/dd31c3/7947289023/il_fullxfull.7947289023_p9oc.jpg,https://i.etsystatic.com/63847702/r/il/a218e9/7899331382/il_fullxfull.7899331382_o5i3.jpg,https://i.etsystatic.com/63847702/r/il/97930c/7899332584/il_fullxfull.7899332584_g5hy.jpg,https://i.etsystatic.com/63847702/r/il/c2bf46/7899333260/il_fullxfull.7899333260_9oil.jpg,https://i.etsystatic.com/63847702/r/il/8bc4b6/7899334032/il_fullxfull.7899334032_1h2m.jpg,https://i.etsystatic.com/63847702/r/il/2899e1/7947292479/il_fullxfull.7947292479_mzsv.jpg,https://i.etsystatic.com/63847702/r/il/9673c7/7899335186/il_fullxfull.7899335186_8o3s.jpg,https://i.etsystatic.com/63847702/r/il/920394/7899335806/il_fullxfull.7899335806_8ko1.jpg,https://i.etsystatic.com/63847702/r/il/a8f7b0/7947294105/il_fullxfull.7947294105_ew98.jpg,"Custom Property",Colors,"Navy,Royal,Sport Grey,White,Black,Forest Green,Military Green,Azalea,Dark Heather,Natural","Custom Property",Sizes,"S,M,L,XL,2XL,3XL","18485453784967409390,22031145425588018977,17047434276370621719,17475384525669298045,85805331117982700767,76862401750222932529,unavailable_sku,21477927125706185073,18110598656783878054,16618911465268454092,21000217087484548728,11838473998290989136,12040268481437556700,99634376871105545932,12026108532825670607,18985095350133941033,17935684196286864096,33291844679942781423,16047067228348017027,31740557013099841347,25916883206214066880,12907956723877334412,17700720679127378393,28211657824767104641,23621125664848503890,38743914675851762292,24406910596481235660,25801870805189250566,14292107952612891571,16274675071072243858,32276395487531915049,18989983345345309405,61477615408161279536,11983182472038759527,10173173662827440639,13198772597722515862,14693787341246771247,29608139396938512669,23225378630705224999,81781162375110228520,25624777635507603325,29126944451988344169,63337918779669893378,12918833328519858154,10431026983361681421,18199053596656163995,31973366361528640900,21091769897423679614,17815828320611176429,15021554472791842850,14781388997629950719,31671900933642593250,21366767085782246467,29100715147418648879"
"1995 Stable Build Version 2.9 T-Shirt: Retro Tech Programmer Humor Tee","Version 2.9. Stable Build. Established 1995.

Celebrate a milestone birthday with a clean developer inspired design. This minimalist version style graphic is perfect for anyone born in 1995, marking three decades of a stable and well tested build.

Inspired by software versioning and classic terminal aesthetics, the design uses a simple technical layout that programmers, developers, engineers and tech enthusiasts instantly recognise.

A great gift idea for a 30th birthday, especially for anyone who enjoys coding, technology, retro computing culture, or subtle nerd humour.

Perfect for:

• 30th birthday celebrations
• Gifts for someone born in 1995
• Programmer or developer humour
• Tech enthusiasts and engineers
• Minimalist retro tech style clothing

This design works especially well on darker shirts where the clean typography stands out clearly.

Shirt Details

The Gildan Softstyle® 64000 offers a lightweight, comfortable feel with a modern unisex fit.

• Made from 100 percent ring spun cotton
• Lightweight fabric 4.5 oz per square yard 153 g per square metre
• Classic fit with a crew neckline
• Durable twill taped shoulders
• No side seams for a smoother feel
• Rib knit collar helps maintain shape
• Tear away label for added comfort

Fabric blends:

Heather colours 35 percent ring spun cotton 65 percent polyester
Sport Grey and Antique colours 90 percent cotton 10 percent polyester
Graphite Heather 50 percent ring spun cotton 50 percent polyester

A simple and clever birthday design for anyone proudly running Version 2.9 since 1995.

EU representative: HONSON VENTURES LIMITED, gpsr@honsonventures.com, 3, Gnaftis House flat 102, Limassol, Mesa Geitonia, 4003, CY
Product information: Gildan 64000, 2 year warranty in EU and Northern Ireland as per Directive 1999/44/EC
Warnings, Hazard: For adults, Made in Bangladesh
Care instructions: Machine wash: cold (max 30C or 90F), with similar colors , Do not bleach, Tumble dry: low heat, Iron, steam or dry: low heat, Do not dryclean",11.08,GBP,37962,"1995_birthday,born_in_1995,1995_shirt,30_birthday,birthday_tee,version_shirt,tech_humor,nerd_shirt,coder_gift,dev_humor,geek_shirt,retro_tech,programmer_gift",,https://i.etsystatic.com/63847702/r/il/7a05ef/7947138655/il_fullxfull.7947138655_qakw.jpg,https://i.etsystatic.com/63847702/r/il/670625/7899182370/il_fullxfull.7899182370_cmdo.jpg,https://i.etsystatic.com/63847702/r/il/a80586/7899183876/il_fullxfull.7899183876_k0dq.jpg,https://i.etsystatic.com/63847702/r/il/2351b6/7947144591/il_fullxfull.7947144591_jsjv.jpg,https://i.etsystatic.com/63847702/r/il/d70297/7947147113/il_fullxfull.7947147113_t0d2.jpg,https://i.etsystatic.com/63847702/r/il/38db56/7947148693/il_fullxfull.7947148693_ksh5.jpg,https://i.etsystatic.com/63847702/r/il/41f24d/7899192706/il_fullxfull.7899192706_kb55.jpg,https://i.etsystatic.com/63847702/r/il/914e50/7899193268/il_fullxfull.7899193268_h31o.jpg,https://i.etsystatic.com/63847702/r/il/169453/7947151653/il_fullxfull.7947151653_j9a2.jpg,https://i.etsystatic.com/63847702/r/il/6586fa/7899194996/il_fullxfull.7899194996_5oss.jpg,"Custom Property",Colors,"Sport Grey,White,Black,Forest Green,Military Green,Dark Heather,Dark Heather Grey","Custom Property",Sizes,"S,M,L,XL,2XL,3XL","14197456568283831502,28975231582871795146,11545250857036876493,45599922639469804143,27071114050734123371,31698707435341783448,23897564721554561155,20878491513319878068,83081510722020995243,31210801053385898262,unavailable_sku,28695114494177645266,10328157520545185155,25943464712416246867,23579971721282185372,36033099739866712328,69085881731958298794,24498915868030220643,18675390894364097888,24130586487576600977,16184101955218179698,28330975275468270878,28640079434726006748,23608845212471062774,28207317869957040868,32717409085491956768,13938884272245419205,17719165177835115827,31939894739974253635,22137637518126210646,97303066658478444653,77512703704284379825,17243407074584026453,25083993536426222230,22930600285760532431,25897996086063963631,24333754592051589654,32737959696688621326,27034684718552520156"
"1996 Birthday Shirt Version 2.8 Stable Build Tee 29th Birthday Gift Vintage 1996 T Shirt Programmer Style Birthday Tee","Version 2.8. Stable Build. Established 1996.

A clean software style birthday design for anyone born in 1996. Inspired by classic developer versioning and terminal aesthetics, this minimalist graphic celebrates a stable build that has been running strong since 1996.

Perfect for programmers, tech enthusiasts, developers, or anyone who appreciates subtle nerd humour. The version style layout gives the design a modern technical look while still clearly celebrating a milestone birthday.

This makes a great gift for a 29th birthday, developer friend, software engineer, or anyone who grew up in the 90s.

Ideal for:
• Birthday gifts for people born in 1996
• Programmer or developer humour
• Minimalist retro tech aesthetic
• Casual everyday wear or birthday parties

The Gildan Softstyle® 64000 redefines casual comfort with a modern unisex cut and ultra soft materials. Solid colours are 100 percent cotton, while heathers and sport grey use polyester blends for added durability. Shoulders are reinforced with twill tape, there are no side seams for a smoother fit, and the ribbed knit collar helps prevent curling. Whether for printing or everyday wear, the Gildan 64000 stands out as a dependable wardrobe staple.

Product features:

• Made with 100 percent ring spun cotton for a lightweight comfortable feel
• Fabric weight 4.5 oz per square yard 153 g per square metre
• Classic fit with crew neckline for versatile everyday wear
• Pearlised tear away label for comfort
• Ethically grown and harvested US cotton
• Certified by Oeko Tex for safety and quality assurance

Fabric blends:
Heather colours 35 percent ring spun cotton 65 percent polyester
Sport Grey and Antique colours 90 percent cotton 10 percent polyester
Graphite Heather 50 percent ring spun cotton 50 percent polyester

A subtle and humorous birthday shirt for anyone proudly running Version 2.8 since 1996.

EU representative: HONSON VENTURES LIMITED, gpsr@honsonventures.com, 3, Gnaftis House flat 102, Limassol, Mesa Geitonia, 4003, CY
Product information: Gildan 64000, 2 year warranty in EU and Northern Ireland as per Directive 1999/44/EC
Warnings, Hazard: For adults, Made in Bangladesh
Care instructions: Machine wash: cold (max 30C or 90F), with similar colors , Do not bleach, Tumble dry: low heat, Iron, steam or dry: low heat, Do not dryclean",20.78,GBP,34965,"1996_birthday,born_in_1996,1996_shirt,version_shirt,birthday_tee,tech_humor,nerd_shirt,coder_gift,dev_humor,retro_tech,29_birthday,geek_shirt,programmer_gift",,https://i.etsystatic.com/63847702/r/il/c755d0/7958959906/il_fullxfull.7958959906_7gwq.jpg,https://i.etsystatic.com/63847702/r/il/e0cb07/7958960324/il_fullxfull.7958960324_6wg4.jpg,https://i.etsystatic.com/63847702/r/il/4841b8/7958960686/il_fullxfull.7958960686_6ilx.jpg,https://i.etsystatic.com/63847702/r/il/3a32e0/7958961076/il_fullxfull.7958961076_dara.jpg,https://i.etsystatic.com/63847702/r/il/aabe69/8006918371/il_fullxfull.8006918371_omnf.jpg,https://i.etsystatic.com/63847702/r/il/a93d27/8006918759/il_fullxfull.8006918759_2lli.jpg,https://i.etsystatic.com/63847702/r/il/ae8096/7958962188/il_fullxfull.7958962188_sp4p.jpg,https://i.etsystatic.com/63847702/r/il/8c58b8/7958962470/il_fullxfull.7958962470_d3ry.jpg,https://i.etsystatic.com/63847702/r/il/a1edaa/8006919811/il_fullxfull.8006919811_5nit.jpg,https://i.etsystatic.com/63847702/r/il/7f9a49/7958963294/il_fullxfull.7958963294_ln2t.jpg,"Custom Property",Colors,"Charcoal,Daisy,Light Blue,Sport Grey,White,Black,Military Green","Custom Property",Sizes,"S,M,L,XL,2XL","22802607927072415879,12231812809674227710,46131044610423658556,20740336768571806300,19496740718749810572,31169786855383735766,27595227976734909561,21080716902742404870,22012605950362323876,21448794332255639064,22829140347003541909,26845101151273170433,17550250630536725789,20297946401914462637,11970523313989617612,13326792542965264174,32793461180459302772,33530211439810307764,28427617802732625335,21145682541787840544,19174243441620391479,29603582567963675691,58848303471515032165,23603283578107796693,67206369354516866801,29468889635643341483,35349003136531783330,29134002094800810886,29458498454709750137,14336878566127152508,13050224793370271231,17817344428505831311,40437633057656973356,18695289649012612434,29877347546628939951"
"Retro DOS Command T Shirt Format Life Funny Programmer Shirt Coding Humor Developer Tee Geek Tech Nerd IT Gift Terminal Joke Shirt","Retro Programmer Humor T Shirt

If you have ever wished life had a command prompt, this retro terminal design will feel familiar.

C:\> FORMAT LIFE
WARNING: ALL MOTIVATION WILL BE LOST
Proceed with Format (Y/N)?
Y_

A classic nod to old school DOS commands and late night coding sessions, this shirt is perfect for programmers, developers, sysadmins and anyone who enjoys retro computer humour.

Whether you work in tech or just appreciate nerd culture, this design makes a fun conversation starter.

Great gift for:

• programmers and developers
• software engineers
• IT professionals and sysadmins
• retro computing fans
• coding students and tech enthusiasts

Perfect for birthdays, holidays, office humour or casual everyday wear.

Shirt Details

This design is printed on the Gildan Softstyle 64000 Unisex T Shirt, known for its lightweight feel and smooth print surface.

• 100 percent ring spun cotton for softness
• Lightweight fabric 4.5 oz yd² 153 g m²
• Classic fit with crew neckline
• Smooth fabric ideal for crisp prints
• Tear away label for comfort
• Durable construction for everyday wear

Heather and sport grey colours include polyester blends for durability.

Care Instructions

Machine wash cold max 30C
Tumble dry low heat
Non chlorine bleach as needed
Do not dry clean

Production
Each shirt is printed on demand after ordering. This helps reduce waste and ensures every item is made specifically for you.

EU representative: HONSON VENTURES LIMITED, gpsr@honsonventures.com, 3, Gnaftis House flat 102, Limassol, Mesa Geitonia, 4003, CY
Product information: Gildan 64000, 2 year warranty in EU and Northern Ireland as per Directive 1999/44/EC
Warnings, Hazard: For adults, Made in Bangladesh
Care instructions: Machine wash: cold (max 30C or 90F), with similar colors , Do not bleach, Tumble dry: low heat, Iron, steam or dry: low heat, Do not dryclean",15.21,GBP,26973,"programmer_tee,coder_humor,geek_tshirt,tech_tshirt,dev_gift,nerd_shirt,retro_computer,coding_humor,it_humor,sysadmin_gift,computer_humor,tech_nerd,coding_gift",,https://i.etsystatic.com/63847702/r/il/82c616/7962935477/il_fullxfull.7962935477_g1lc.jpg,https://i.etsystatic.com/63847702/r/il/b3e72c/7962935863/il_fullxfull.7962935863_kfvz.jpg,https://i.etsystatic.com/63847702/r/il/8af68c/7962936217/il_fullxfull.7962936217_fb4m.jpg,https://i.etsystatic.com/63847702/r/il/04e0b5/7914984584/il_fullxfull.7914984584_qf1m.jpg,https://i.etsystatic.com/63847702/r/il/0a8f2c/7962936839/il_fullxfull.7962936839_d0mx.jpg,https://i.etsystatic.com/63847702/r/il/0c3b9c/7962937185/il_fullxfull.7962937185_5ijf.jpg,https://i.etsystatic.com/63847702/r/il/b73939/7914985776/il_fullxfull.7914985776_ht62.jpg,,,,"Custom Property",Colors,"Dark Chocolate,Navy,Royal,Black,Dark Heather","Custom Property",Sizes,"S,M,L,XL,2XL,3XL","27577494645888426508,28317949990530020422,26234802299551427404,25497834167766069691,13216475516186963479,11762029594846939135,unavailable_sku,13979296778594420858,20971941101579835786,23284820491599134387,18965097295838101000,83411676046115173454,18862685471817904262,12879595944846508612,29975223681472118087,28575817371402667354,33482904748277220020,91027829682091722818,24523963138963170374,20141853385523171163,71435540515576638716,17282153011624167097,28361003814655302312,36718820330253036083,22268053366087933516,23264500784240353572,24045663715422661657,21216888285637193293"
"Retro Programmer Sweatshirt: Funny Coding Command Line Humor (Gildan 18000)","Retro Programmer Humor Sweatshirt

For anyone who has spent too much time in a terminal window, this retro command line sweatshirt delivers the perfect developer joke.

C:\> FORMAT LIFE
WARNING: ALL MOTIVATION WILL BE LOST
Proceed with Format (Y/N)?
Y_

A playful nod to classic DOS commands and late night debugging sessions, this sweatshirt is perfect for programmers, developers, system admins, and anyone who appreciates retro computing humor.

Whether you work in tech, write code for a living, or just love nostalgic computer culture, this design is a fun conversation starter.

Great gift for:
• programmers and developers
• software engineers
• IT professionals and sysadmins
• retro computing fans
• tech students and coding enthusiasts

Perfect for birthdays, holidays, office humor, or anyone who has ever wanted to reboot their life like a command line system.

Sweatshirt Details

This design is printed on the Gildan 18000 Unisex Heavy Blend Crewneck Sweatshirt, a comfortable everyday classic built for durability and warmth.

• Medium heavy fabric 8.0 oz yd² 271 g m²
• 50 percent cotton 50 percent polyester blend
• Classic fit with crew neckline
• Soft durable fabric ideal for printed designs
• Double needle stitching for long lasting wear
• Tear away label for added comfort

The smooth fabric surface ensures the retro terminal design prints clearly and remains sharp over time.

Care Instructions
Machine wash cold max 30C
Tumble dry low heat
Non chlorine bleach as needed
Do not dry clean

Production Notes
Printed on demand to reduce waste and overproduction. Each item is made specifically for you after ordering.

EU representative: HONSON VENTURES LIMITED, gpsr@honsonventures.com, 3, Gnaftis House flat 102, Limassol, Mesa Geitonia, 4003, CY
Product information: Gildan 18000, 2 year warranty in EU and Northern Ireland as per Directive 1999/44/EC
Warnings, Hazard: Made in Nicaragua, For adults
Care instructions: Machine wash: cold (max 30C or 90F), Non-chlorine: bleach as needed, Tumble dry: low heat, , Do not dryclean",26.1,GBP,49950,"programmer_gift,coder_humor,tech_sweatshirt,geek_sweatshirt,developer_gift,coding_humor,nerd_sweatshirt,retro_computer,it_professional,sysadmin_gift,computer_humor,coding_gift,tech_nerd",,https://i.etsystatic.com/63847702/r/il/30594b/7843076993/il_fullxfull.7843076993_elcl.jpg,https://i.etsystatic.com/63847702/r/il/9cce02/7785543220/il_fullxfull.7785543220_hyt5.jpg,https://i.etsystatic.com/63847702/r/il/82c791/7785543660/il_fullxfull.7785543660_elrc.jpg,https://i.etsystatic.com/63847702/r/il/9d77ca/7833474795/il_fullxfull.7833474795_axi4.jpg,https://i.etsystatic.com/63847702/r/il/17a5f3/7785544246/il_fullxfull.7785544246_7dif.jpg,https://i.etsystatic.com/63847702/r/il/20166c/7833475481/il_fullxfull.7833475481_na7w.jpg,https://i.etsystatic.com/63847702/r/il/6f5c79/7833475839/il_fullxfull.7833475839_rcti.jpg,https://i.etsystatic.com/63847702/r/il/58d937/7833476139/il_fullxfull.7833476139_bk4b.jpg,https://i.etsystatic.com/63847702/r/il/7ef7e7/7833476437/il_fullxfull.7833476437_mwgf.jpg,https://i.etsystatic.com/63847702/r/il/ffdd3c/7833476753/il_fullxfull.7833476753_kyxv.jpg,"Custom Property",Colors,"Antique Cherry Red,Charcoal,Dark Heather,Maroon,Navy,Purple,Red,Black,Military Green,Royal","Custom Property",Sizes,"S,M,L,XL,2XL","26940016698382857775,27081750516501913558,16412497376700723674,18697699922001172406,16151588258923616920,21521139718265836098,68126775883898825806,26612537523705956463,83262801349571084246,20468544346142214689,25712486989853327639,59183035807963806170,20839973244603735337,28318776954910377868,20142314522265147673,60588954550723843840,50320532404524795777,64739671211113291628,15016676652959911334,25839158287692626289,17693953041305544551,29928612188525613876,28290080183635917589,33944336552066540696,23269109351086516934,31668200025670613738,23248057012079132641,20037593026638520676,24643062753608197787,32713291340779482963,66712612441186402535,24884143004976415258,17611741687481604489,26913794257011137654,33969989243190802612,28860772243689656441,86656927988606709872,28827964365033817193,54443867876325817465,95815093177975245706,25274935500922363620,24523957253502090380,15715394754517625987,23445332969081138192,54429491365588578248,31097074948782385197,32391789565978937577,16731586893143475392,14014144124191726076,34015986219455229741"
"Funny Vanlife Mug – Camper Technical Schematic Coffee Cup (11oz)","It's all about the custom design when you sell ceramic coffee cups. Create a beautiful, original design, and we'll print them on these cups in picture-perfect quality. Thanks to the lead and BPA-free white ceramic with a glossy finish, they'll serve a sleek and polished look. They come in two sizes – 11oz (0.33 l) and 15oz (0.44 l) – perfect for that strong coffee boost in the morning. The C-shaped easy-grip handle helps keep the cup steady even in a rush.
.: Material: White ceramic with a glossy finish
.: Available in two sizes: 11oz (0.33 l) and 15oz (0.44 l)
.: C-shaped easy-grip handle
.: Lead and BPA-free

EU representative: HONSON VENTURES LIMITED, gpsr@honsonventures.com, 3, Gnaftis House flat 102, Limassol, Mesa Geitonia, 4003, CY
Product information: ORCA Coatings, 2 year warranty in EU and Northern Ireland as per Directive 1999/44/EC
Warnings, Hazard: For adults, Blank product sourced from China
Care instructions: Clean in dishwasher or wash by hand with warm water and dish soap",8.18,GBP,999,"Vanlife_Humor,Camper_Gift,VW_Van_Art,Funny_Leveling,Technical_Drawing,Nomad_Life,Master_of_the_Pitch,Engineering_Mug,Retro_Van_Gift,Camping_Coffee_Cup,Adventure_Gear,Minimalist_Van,Glamping_Gift",,https://i.etsystatic.com/63847702/r/il/94ac12/7826225589/il_fullxfull.7826225589_nwrd.jpg,https://i.etsystatic.com/63847702/r/il/d5fd44/7826225817/il_fullxfull.7826225817_o4cr.jpg,https://i.etsystatic.com/63847702/r/il/6fc4f9/7826226063/il_fullxfull.7826226063_ass0.jpg,https://i.etsystatic.com/63847702/r/il/23eab5/7826226287/il_fullxfull.7826226287_6ep9.jpg,https://i.etsystatic.com/63847702/r/il/2a56eb/7778297296/il_fullxfull.7778297296_sv6j.jpg,https://i.etsystatic.com/63847702/r/il/1001fc/7778297474/il_fullxfull.7778297474_psuw.jpg,,,,,,,,,,,48648487369314905743
"Funny Vanlife T-Shirt – VW Van Technical Schematic, Nomad Humor Tee","Calibration: Desperate.

For the nomad who knows that ""level"" is a matter of opinion and a sturdy stack of found objects. Whether you're chasing that elusive 0.00° pitch or just trying not to roll out of bed, this shirt celebrates the unconventional engineering required to survive life on the road.

Featuring a crisp, 2D blueprint of a classic van supported by a stack of wood scraps and sheer determination, this design follows our ""HandyEnough"" philosophy: Subtle enough for a coffee run, specific enough to raise a knowing smile from the IYKYK crowd.

Design Highlights:

Visuals: Precise minimalist vector line art with a period-correct VW yellow body fill.

The Joke: A technical ""solution"" to a steep incline—the ""Master of the Pitch"" reality.

Style: Clean, technical aesthetic that matches our Still Functional brand identity.

Product Information: Generic brand, 2 year warranty in EU and Northern Ireland as per Directive 1999/44/EC.
Care instructions: Clean in dishwasher or wash by hand with warm water and dish soap.
EU representative: HONSON VENTURES LIMITED, gpsr@honsonventures.com, 3, Gnaftis House flat 102, Limassol, Mesa Geitonia, 4003, CY.

EU representative: HONSON VENTURES LIMITED, gpsr@honsonventures.com, 3, Gnaftis House flat 102, Limassol, Mesa Geitonia, 4003, CY
Product information: Gildan 2000, 2 year warranty in EU and Northern Ireland as per Directive 1999/44/EC
Warnings, Hazard: For adults
Care instructions: Machine wash: cold (max 30C or 90F), Non-chlorine: bleach as needed, Do not tumble dry, Do not iron, Do not dryclean",11.39,GBP,18981,"Vanlife_Humor,Camper_T-Shirt,VW_Van_Art,Funny_Leveling,Technical_Drawing,Nomad_Life,Master_of_the_Pitch,Engineering_Tee,Retro_Van_Gift,Camping_Shirt,Adventure_Clothing,Minimalist_Van,Outdoorsy_Gift",,https://i.etsystatic.com/63847702/r/il/42b962/7899363936/il_fullxfull.7899363936_ihfa.jpg,https://i.etsystatic.com/63847702/r/il/9681f7/7899364314/il_fullxfull.7899364314_jvs7.jpg,https://i.etsystatic.com/63847702/r/il/02b174/7899365608/il_fullxfull.7899365608_ggmh.jpg,https://i.etsystatic.com/63847702/r/il/883150/7899366724/il_fullxfull.7899366724_8vu3.jpg,https://i.etsystatic.com/63847702/r/il/85558b/7947325029/il_fullxfull.7947325029_3lt0.jpg,https://i.etsystatic.com/63847702/r/il/65996a/7947326457/il_fullxfull.7947326457_o4ys.jpg,,,,,"Custom Property",Colors,"Sport Grey,White,Natural","Custom Property",Sizes,"S,M,L,XL,2XL,3XL,4XL","10110686127924062824,unavailable_sku,20042338967427058268,27175296340615317697,32608883515946708612,22345537975654257410,21665597627862746928,17182290265085963082,10065559270221014544,18435658390054236358,19828415342882536065,27237755848495869868,51258170236737961894,72339692338512433572,20115543121933420200,34007189254999501002,21885067398108791256,33206403678617249692,16565873384395815679,98866365946014742175"
"Funny Vanlife T-Shirt – VW Camper Technical Schematic Nomad Humor","Calibration: Desperate.

For the nomad who knows that ""level"" is a matter of opinion and a sturdy stack of found objects. Whether you're chasing that elusive 0.00° pitch or just trying not to roll out of bed, this shirt celebrates the unconventional engineering required to survive life on the road.

Featuring a crisp, 2D blueprint of a classic van supported by a stack of wood scraps and sheer determination, this design follows our ""HandyEnough"" philosophy: Subtle enough for a coffee run, specific enough to raise a knowing smile from the IYKYK crowd.

Design Highlights:

Visuals: Precise minimalist vector line art with a period-correct VW yellow body fill.

The Joke: A technical ""solution"" to a steep incline—the ""Master of the Pitch"" reality.

Style: Clean, technical aesthetic that matches our Still Functional brand identity.

Product Information: Generic brand, 2 year warranty in EU and Northern Ireland as per Directive 1999/44/EC.
Care instructions: Clean in dishwasher or wash by hand with warm water and dish soap.
EU representative: HONSON VENTURES LIMITED, gpsr@honsonventures.com, 3, Gnaftis House flat 102, Limassol, Mesa Geitonia, 4003, CY.

EU representative: HONSON VENTURES LIMITED, gpsr@honsonventures.com, 3, Gnaftis House flat 102, Limassol, Mesa Geitonia, 4003, CY
Product information: Comfort Colors® 1717, 2 year warranty in EU and Northern Ireland as per Directive 1999/44/EC
Warnings, Hazard: Made in Honduras
Care instructions: Machine wash: cold (max 30C or 90F), Do not bleach, Tumble dry: low heat, Iron, steam or dry: low heat, Do not dryclean",18.8,GBP,51948,"Vanlife_Humor,Camper_T-Shirt,VW_Van_Art,Funny_Leveling,Technical_Drawing,Nomad_Life,Master_of_the_Pitch,Engineering_Tee,Retro_Van_Gift,Camping_Shirt,Adventure_Clothing,Minimalist_Van,Outdoorsy_Gift",,https://i.etsystatic.com/63847702/r/il/a35c91/7898791307/il_fullxfull.7898791307_dr0y.jpg,https://i.etsystatic.com/63847702/r/il/c7be34/7898758717/il_fullxfull.7898758717_jx02.jpg,https://i.etsystatic.com/63847702/r/il/e8d77f/7898782071/il_fullxfull.7898782071_c3ql.jpg,https://i.etsystatic.com/63847702/r/il/9d0ed5/7850799308/il_fullxfull.7850799308_kqia.jpg,https://i.etsystatic.com/63847702/r/il/18442a/7789657020/il_fullxfull.7789657020_hsd6.jpg,https://i.etsystatic.com/63847702/r/il/29b1f1/7778150056/il_fullxfull.7778150056_iz7h.jpg,https://i.etsystatic.com/63847702/r/il/7c35eb/7826080201/il_fullxfull.7826080201_qj2a.jpg,https://i.etsystatic.com/63847702/r/il/dd5009/7826081593/il_fullxfull.7826081593_fr6j.jpg,https://i.etsystatic.com/63847702/r/il/9c4014/7778154528/il_fullxfull.7778154528_k1ot.jpg,https://i.etsystatic.com/63847702/r/il/cf8c76/7826083823/il_fullxfull.7826083823_oni1.jpg,"Custom Property","Comfort Colors® Colors","White,Bay,Berry,Blue Jean,Blue Spruce,Chambray,Seafoam,Grey,Orchid,Violet,Ivory,Blossom","Custom Property","Clothing sizes","S,M,L,XL,2XL,3XL","33663661599520585024,21040384783619921849,29084305109589541741,28183814227919906903,35974500230200508618,18087575453141022439,unavailable_sku,23011958529756353656,15719470895097608348,30027400785590860494,95557313133588588920,27237555226987124040,22751220552822598796,33548530301580812089,15281086007940989539,20501043839211841770,77173911842990548982,33108914643216733746,21714547274879655001,28815703656056098031,30218511711124287474,17659125861293692487,13125906227636339844,12591917282207300648,14090040948458241236,24440221993247963673,11531310413503615395,20014023277120060865,92094843511842712798,11997666090021689184,68365258769913495880,96084633013540095131,86440205650791363858,17616093911596795407,23739103291647447086,23257709715071842707,54235770747462119005,50009389095996748534,29452406838237681480,31120637692308101428,27678863839410020564,39176550908586285104,17555398978678438816,33754495419225879032,31529286888480118098,14167723911420841067,33135486918960310716,10010216394878945898,16384431503114444251,21493541809955682253,50081835684472777745,22285241046605329785,24565410154098170721"
"Vanlife VW Technical Schematic Mug – Camper Van Humor Coffee Cup","Calibration: Desperate.

For the nomad who knows that ""level"" is a matter of opinion and a sturdy stack of found objects. This 11oz ceramic mug features a high-resolution technical schematic of a classic van achieving a perfect 0.00° pitch (estimated) through unconventional engineering.

Whether you’re parked on a 15-degree incline or just dreaming of the trailhead from your office desk, this mug serves as a daily reminder that if it's not perfectly level, it's at least Still Functional.

Product Details:

Design: Minimalist vector line art with a period-correct VW yellow fill.

Quality: High-quality sublimation printing for a crisp, long-lasting finish that won't fade after a few trips in the van.

Material: Durable white ceramic with an ergonomic C-handle for easy gripping during early morning campsite look-abouts.

Safety: Lead and BPA-free.
Care Instructions:
Clean in the dishwasher or wash by hand with warm water and dish soap.

EU Representative: HONSON VENTURES LIMITED, gpsr@honsonventures.com, 3, Gnaftis House flat 102, Limassol, Mesa Geitonia, 4003, CY.",10.62,GBP,999,"Vanlife_Humor,Camper_Gift,VW_Van_Art,Funny_Leveling,Technical_Drawing,Nomad_Life,Master_of_the_Pitch,Engineering_Mug,Retro_Van_Gift,Camping_Coffee_Cup,Adventure_Gear,Minimalist_Van,Glamping_Gift",,https://i.etsystatic.com/63847702/r/il/9382b4/7778156164/il_fullxfull.7778156164_jdwh.jpg,https://i.etsystatic.com/63847702/r/il/90c9c4/7778130060/il_fullxfull.7778130060_g1c6.jpg,https://i.etsystatic.com/63847702/r/il/cec9c4/7826059249/il_fullxfull.7826059249_7ehe.jpg,https://i.etsystatic.com/63847702/r/il/faa9dd/7826058343/il_fullxfull.7826058343_q5h8.jpg,,,,,,,,,,,,,13999043994248342291
"Funny Programmer T Shirt System Error Retro 90s Computer Shirt IT Nerd Gift","Embrace the glitch with this minimalist tribute to 90s computing. Featuring a sharp, high-resolution System Error warning triangle, this tee offers a clean 'pocket-hit' aesthetic for developers, IT pros, and retro tech fans.

Moving away from bulky graphics, this design is anchored on the left chest for a sophisticated streetwear look. Rendered at a massive 5000px resolution, the iconic yellow warning icon and terminal-style font stay crisp and bold on any fabric color. Perfect for those days when your own 'User has timed out and you just need to reboot in style.""

EU representative: HONSON VENTURES LIMITED, gpsr@honsonventures.com, 3, Gnaftis House flat 102, Limassol, Mesa Geitonia, 4003, CY
Product information: Gildan 5000, 2 year warranty in EU and Northern Ireland as per Directive 1999/44/EC
Warnings, Hazard: For adults, Made in Nicaragua
Care instructions: Machine wash: cold (max 30C or 90F), Non-chlorine: bleach as needed, Tumble dry: low heat, Do not iron, Do not dryclean",19.7,GBP,84915,"Retro_Tech,System_Error,Minimalist,90s_Aesthetic,Geek_Fashion,Tech_Humor,Pocket_Tee,Yellow_Icon,Computer_Nerd,Vintage_UI,Admin_Shirt,Coder_Gift,Reboot_Tee",,https://i.etsystatic.com/63847702/r/il/f8d8e2/7773950496/il_fullxfull.7773950496_lulk.jpg,https://i.etsystatic.com/63847702/r/il/a789cf/7773972440/il_fullxfull.7773972440_qv19.jpg,https://i.etsystatic.com/63847702/r/il/d197b5/7821852729/il_fullxfull.7821852729_t7mh.jpg,https://i.etsystatic.com/63847702/r/il/242876/7773921172/il_fullxfull.7773921172_ro8j.jpg,https://i.etsystatic.com/63847702/r/il/2047b1/7773921596/il_fullxfull.7773921596_p27u.jpg,https://i.etsystatic.com/63847702/r/il/bf1410/7773922212/il_fullxfull.7773922212_tnql.jpg,https://i.etsystatic.com/63847702/r/il/3700b6/7773922552/il_fullxfull.7773922552_hpfs.jpg,https://i.etsystatic.com/63847702/r/il/c60511/7821855115/il_fullxfull.7821855115_rl00.jpg,https://i.etsystatic.com/63847702/r/il/103982/7773923546/il_fullxfull.7773923546_8qj9.jpg,https://i.etsystatic.com/63847702/r/il/5090f8/7773924004/il_fullxfull.7773924004_hp5e.jpg,"Custom Property",Colors,"Charcoal,Dark Chocolate,Light Blue,Maroon,Natural,Orange,Red,Sand,Sport Grey,White,Black,Forest Green,Gold,Military Green","Custom Property",Sizes,"S,M,L,XL,2XL,3XL,4XL,5XL","23448155884285701394,31174126420830294598,33322982989540523385,19953209317817219153,unavailable_sku,29193021646181885878,22935676909649045143,15138834509543354484,27650616478688298464,94806824700917304865,27656954947032011833,19594221720083766881,13575754236965314615,13931285032115500331,27773260672239919799,43671592382500972179,15547484152806203571,28361633708255074133,25466105903219365752,20727555889351669991,29388176058073820488,11138452337043477424,11109376499296494271,10858488079590144999,76153593595693726904,24179185101316789849,15278586399598241364,26110214019224686118,14751524179466536886,13664024359033992081,23270225331148295313,33739474810323368018,33734336476743128619,16249535110209985103,22138605955460928790,30144471395195368097,68683010486015456385,20228128078556458886,30960536690994387458,21916460393064579688,20442264541308289112,32688157741140178065,97883863088748013712,15299447740658253873,15669761381732819358,33854988819228130692,26644303296106773710,62220277164596738537,27719464677048665152,24426472724684237817,17263588311877026768,74716638395633295139,13712390501873239836,86457435739402549830,39636019843201139179,90764905707314603387,23815285858707678451,27029509247305951206,16783523890197605963,90032729019973627907,11121853221514980846,20086597581400779581,13536191258203280092,82517851549853105738,93820873965282561703,24837884038489519221,12709230959619456148,32997286568741187258,20800292350660399424,11844820797270105983,19874061585181864614,25943885319537982917,23073713422336025956,80493679890264495428,32003526510038769919,21585847907708158277,13127188344228178312,11020389401092548173,24899465276017656285,43291936989255307677,24116717481890179382,17777046367915876047,19250054270548450339,29319219926195261480,24393833727324669943,24865899150062646233"
"Retro Windows 95 Floppy Disk Mug - 1.44MB Capacity Drive A Properties Coffee Mug","Bring some 32-bit nostalgia to your desk with this high-resolution recreation of the classic Drive A: Properties window. This 11oz ceramic mug features the iconic navy, teal, and red 3D pie chart, capturing that specific ""low disk space"" anxiety we all remember.

Rendered from a massive 5000px source, the design includes every authentic detail: from the 1.44 MB capacity header to the pixel-perfect minimize/maximize controls. Whether you're a developer, sysadmin, or just miss the sound of a floppy drive, this is the ultimate office conversation starter.

EU representative: HONSON VENTURES LIMITED, gpsr@honsonventures.com, 3, Gnaftis House flat 102, Limassol, Mesa Geitonia, 4003, CY
Product information: Generic brand, 2 year warranty in EU and Northern Ireland as per Directive 1999/44/EC
Care instructions: Clean in dishwasher or wash by hand with warm water and dish soap",10.89,GBP,999,"Retro_Mug,Windows_95,Floppy_Disk,Tech_Gift,Office_Humor,Geek_Mug,PC_Nostalgia,1-44MB_Gift,Admin_Mug,Coder_Gift,90s_Tech,Desk_Decor,Vintage_PC",,https://i.etsystatic.com/63847702/r/il/6e6b35/7819010699/il_fullxfull.7819010699_h939.jpg,https://i.etsystatic.com/63847702/r/il/91fa8f/7771074064/il_fullxfull.7771074064_jfdj.jpg,https://i.etsystatic.com/63847702/r/il/c2f5d8/7771074360/il_fullxfull.7771074360_qr65.jpg,https://i.etsystatic.com/63847702/r/il/8845cd/7819011649/il_fullxfull.7819011649_a88s.jpg,https://i.etsystatic.com/63847702/r/il/2300a8/7771075010/il_fullxfull.7771075010_4kfs.jpg,,,,,,,,,,,,94565617953015907009
"Windows 95 Floppy Disk Drive A Properties Retro Technical T-Shirt - 1.44MB Storage Nostalgia Tee","Step back into 1995 with this high-definition technical schematic of the iconic Drive A: Properties window. Featuring the classic 3D-effect pie chart with a staggering 1.44 MB of capacity, this design captures the exact moment your floppy disk was reaching its limit.

Perfect for software engineers, sysadmins, and vintage tech collectors, this shirt brings a piece of computing history to life with pixel-perfect accuracy. The design includes the authentic 'Used space', 'Free space', and 'Unused space' metrics, complete with retro window controls and 3D beveled borders. Whether you're debugging code or just nostalgic for the days of physical media, this tee is a tribute to the era of 'Low Disk Space'.

EU representative: HONSON VENTURES LIMITED, gpsr@honsonventures.com, 3, Gnaftis House flat 102, Limassol, Mesa Geitonia, 4003, CY
Product information: Gildan 64000, 2 year warranty in EU and Northern Ireland as per Directive 1999/44/EC
Warnings, Hazard: For adults, Made in Bangladesh
Care instructions: Machine wash: cold (max 30C or 90F), with similar colors , Do not bleach, Tumble dry: low heat, Iron, steam or dry: low heat, Do not dryclean",19.42,GBP,53946,"Retro_Tech,Windows_95,Floppy_Disk,Drive_A_Tee,1-44MB_Shirt,PC_Nostalgia,Tech_Humor,IT_Gift,Geek_Fashion,90s_Computer,Admin_Shirt,Data_Nerd,Retro_UI",,https://i.etsystatic.com/63847702/r/il/df59de/7899259098/il_fullxfull.7899259098_ply5.jpg,https://i.etsystatic.com/63847702/r/il/2c397a/7899259528/il_fullxfull.7899259528_87d1.jpg,https://i.etsystatic.com/63847702/r/il/e1506e/7947218403/il_fullxfull.7947218403_944v.jpg,https://i.etsystatic.com/63847702/r/il/e9a199/7947218709/il_fullxfull.7947218709_io9x.jpg,https://i.etsystatic.com/63847702/r/il/420646/7947219139/il_fullxfull.7947219139_8d1r.jpg,https://i.etsystatic.com/63847702/r/il/820c3d/7947219575/il_fullxfull.7947219575_scv8.jpg,https://i.etsystatic.com/63847702/r/il/29a9c2/7899261534/il_fullxfull.7899261534_e8ut.jpg,https://i.etsystatic.com/63847702/r/il/120b2c/7947220391/il_fullxfull.7947220391_5s89.jpg,https://i.etsystatic.com/63847702/r/il/760f09/7947220775/il_fullxfull.7947220775_qgtl.jpg,https://i.etsystatic.com/63847702/r/il/8ec46a/7947221293/il_fullxfull.7947221293_1cps.jpg,"Custom Property",Colors,"Dark Chocolate,Navy,Red,Royal,Sport Grey,White,Black,Military Green,Heather Navy,Dark Heather,Natural","Custom Property",Sizes,"S,M,L,XL,2XL,3XL","30929525271448024684,unavailable_sku,30359379556318890835,21817334662249237901,28216311499230195279,12718790999174779680,10407281265526701098,61724496110788844502,91794625173880768753,11832149043752638822,20337310697880854126,15413564955886562480,23562181397550682370,25509313768015359681,28017781861030997568,21268796861266975647,32214323611346702496,59292715659135569591,25203890682001480127,22890716565628264897,22732546617340932862,31558325543463414164,13706433551853955645,28329717155588884064,27208597893324441278,27950664586307585767,30992694646788103973,15864348557261642505,73693228504522629640,32857048328385593309,25609101859309763291,30862283128959060064,18884119066799752564,20364138075250603992,27047324022557736289,24292913438534837985,33516368596628384673,33167261949268357220,33923825575472522718,21273047859690012068,32292485589279730810,10530705474121601368,22602802888397187761,25593604494170984234,73600603173193237694,33165100558541686280,14984056535208462444,29588493722077800533,32058905609363298614,29936052533711417366,26621646764494182716,21186934160073335431,25153614817288395253,20105049818770029374,11849811391379608448"
"TOTGAF Sloth T Shirt Funny Sarcastic Shirt I Do Not Care Humor Tee Lazy Sloth Graphic Unisex Gift - TOTGAF meaning I do not care","This TOTGAF sloth T shirt combines laid back attitude with sharp humour. Featuring a relaxed sloth above a chaotic crowd, it captures that quiet mindset of not getting caught up in the noise.

TOTGAF stands for a familiar phrase many people live by. The design keeps it subtle, letting those who understand the humour recognise it instantly without needing explanation.

The contrast between calm and chaos makes this more than a novelty tee. It is a wearable statement. Ideal for everyday use, casual settings, or as a gift for someone who prefers to take life at their own pace.

Printed on the Gildan Softstyle 64000, this shirt offers a lightweight feel with a modern unisex fit. Soft ring spun cotton and smooth seams make it comfortable for all day wear.

Suitable for those who enjoy sarcastic humour, introverted energy, or relaxed lifestyle aesthetics.

Product details

• Lightweight unisex T shirt
• Soft ring spun cotton
• Modern classic fit
• Durable print with smooth finish
• Tear away label for comfort
• Ethically sourced materials

Please note lighter colours may appear slightly off white due to fabric properties.

EU representative: HONSON VENTURES LIMITED, gpsr@honsonventures.com, 3, Gnaftis House flat 102, Limassol, Mesa Geitonia, 4003, CY
Product information: Gildan 64000, 2 year warranty in EU and Northern Ireland as per Directive 1999/44/EC
Warnings, Hazard: For adults, Made in Bangladesh
Care instructions: Machine wash: cold (max 30C or 90F), with similar colors , Do not bleach, Tumble dry: low heat, Iron, steam or dry: low heat, Do not dryclean",15.21,GBP,39960,"Funny_Sloth_Shirt,TOTGAF_Tee,Sarcastic_Tshirt,No_Drama_Shirt,Unbothered_Tee,Zen_Sloth_Top,Gift_for_Retiree,Sassy_Senior_Gift,Irony_Graphic_Tee,Peace_and_Quiet,Too_Old_For_This,Social_Battery_Low,Relaxed_Sloth_Art",,https://i.etsystatic.com/63847702/r/il/772b7a/7941714246/il_fullxfull.7941714246_52i9.jpg,https://i.etsystatic.com/63847702/r/il/6746a8/7941714536/il_fullxfull.7941714536_50mo.jpg,https://i.etsystatic.com/63847702/r/il/20400a/7941714788/il_fullxfull.7941714788_gkys.jpg,https://i.etsystatic.com/63847702/r/il/7ff687/7989674013/il_fullxfull.7989674013_giwc.jpg,https://i.etsystatic.com/63847702/r/il/ea3b5b/7941715386/il_fullxfull.7941715386_7d2j.jpg,https://i.etsystatic.com/63847702/r/il/f6d025/7941715786/il_fullxfull.7941715786_qvdd.jpg,https://i.etsystatic.com/63847702/r/il/5bb870/7941716110/il_fullxfull.7941716110_d2qh.jpg,https://i.etsystatic.com/63847702/r/il/dfe416/7989675385/il_fullxfull.7989675385_jvq2.jpg,https://i.etsystatic.com/63847702/r/il/e70c44/7989675661/il_fullxfull.7989675661_1pun.jpg,https://i.etsystatic.com/63847702/r/il/77e671/7941717020/il_fullxfull.7941717020_eeua.jpg,"Custom Property",Colors,"Light Blue,Red,Sport Grey,White,Black,Military Green,Graphite Heather,Natural","Custom Property",Sizes,"S,M,L,XL,2XL,3XL,4XL","10048336751540448151,26087252358190733418,16134156391001451762,18147240803882385683,unavailable_sku,17197544194317519213,49433486851436031299,61435374163396803772,91592785815879298991,24744937055121274600,14817497588059329865,26367184318141812171,67534656185976657945,34009233695921514983,14898770299956084147,29180485789127044735,13883063526824507220,43780006411552282997,30259059525317824977,12742163001885082227,56586471134112328613,30195430830446395807,18684141809686876319,19893547407731820090,17176821274444200071,12240685245497861412,41314583872970654013,11480218655416276172,12873146122417121056,33766225376385721302,20570001905743225574,81139565975058013995,55314204799486993464,19184951954130807918,24344876419262278858,51747745482613359779,12890983941801037399,20055979070575725264,51735001686707429344,13161196110183640732,22572643055945120082,96033548847029859402,28083178519522109521"
"Sloth Mug – TOTGAF Slogan Ceramic Coffee Cup (11oz or 15oz)","Embrace the Art of Not Caring.

Exhausted by the constant noise of the world? This ""TOTGAF"" Sloth Mug is the ultimate badge of honor for anyone who has officially reached the age of ""too old for this."" Featuring a beautifully detailed, serene sloth lounging high above a pixelated crowd of chaos and shouting, this mug perfectly captures that blissful moment when you finally tune it all out.

Whether it’s the morning news, social media drama, or just the general hustle and bustle, this sloth knows the secret: sometimes, the best response is a nap and a warm cup of coffee.

Product Details:

A ""Secret"" Message: The TOTGAF acronym is a subtle nod to those ""in the know""—bold enough to make a statement, but discreet enough for the office or family kitchen.

High-Quality Ceramic: Durable white ceramic with a premium finish that makes the detailed sloth illustration and ""pixel-style"" crowd pop.
Microwave & Dishwasher Safe: Because you’re definitely too old to be hand-washing dishes.
The Perfect Gift: Ideal for retirees, grandpas, grandmas, or that one friend who has mastered the art of being unbothered.
Note: This listing is for the ceramic mug only. Available in 11oz and 15oz sizes.

EU representative: HONSON VENTURES LIMITED, gpsr@honsonventures.com, 3, Gnaftis House flat 102, Limassol, Mesa Geitonia, 4003, CY
Product information: Generic brand, 2 year warranty in EU and Northern Ireland as per Directive 1999/44/EC
Care instructions: Clean in dishwasher or wash by hand with warm water and dish soap",7.91,GBP,999,"Funny_Sloth_Mug,TOTGAF,Too_Old_Gift,Sarcastic_Mug,Retired_Gift,Zen_Sloth,No_Drama_Mug,Irony_Gift,Grandpa_Mug,Grandma_Gift,Office_Humor,Unbothered,Sloth_Lover_Gift",,https://i.etsystatic.com/63847702/r/il/a6d438/7820933705/il_fullxfull.7820933705_21zx.jpg,https://i.etsystatic.com/63847702/r/il/b7d9c9/7750480996/il_fullxfull.7750480996_nuz5.jpg,https://i.etsystatic.com/63847702/r/il/bb6a39/7798304849/il_fullxfull.7798304849_ql4n.jpg,https://i.etsystatic.com/63847702/r/il/3073dd/7750354310/il_fullxfull.7750354310_macd.jpg,https://i.etsystatic.com/63847702/r/il/3fdf2c/7798306231/il_fullxfull.7798306231_l5hl.jpg,https://i.etsystatic.com/63847702/r/il/2f4c25/7798306865/il_fullxfull.7798306865_f301.jpg,,,,,,,,,,,13795982744100592258
"Vanlife Wild Beavers T-Shirt, Funny Camping Graphic Tee, Unisex Softstyle Shirt","Celebrate the freedom of the open road with this Vanlife Wild Beavers T Shirt. Featuring two cool wild beavers in sunglasses, this design blends subtle outdoor humour with camper culture. It is ideal for van dwellers, camping enthusiasts, road trip lovers, and anyone who appreciates understated nature themed comedy.

This funny camping graphic tee makes a great gift for vanlife couples, camper owners, hikers, festival goers, and outdoor adventurers. The earthy tones pair well with casual travel wear and make it easy to style for campsite evenings, national park trips, or everyday wear.

Printed on the trusted Gildan Softstyle 64000, this unisex shirt offers lightweight comfort and a modern classic fit suitable for both men and women.

Product features
• 100 percent ring spun cotton for solid colours
• Lightweight fabric 4.5 oz per square yard, 153 g per square metre
• Classic unisex fit with crew neckline
• Ribbed knit collar to maintain shape
• No side seams for a smooth silhouette
• Shoulder to shoulder twill tape for durability
• Pearlised tear away label for comfort

Fabric blends
• Heather colours 35 percent ring spun cotton, 65 percent polyester
• Sport Grey and Antique colours 90 percent cotton, 10 percent polyester
• Graphite Heather 50 percent ring spun cotton, 50 percent polyester

Ethically produced using US grown cotton. Certified for safety and quality assurance.

Care instructions
Machine wash cold with similar colours. Do not bleach. Tumble dry low. Iron on low heat. Do not dry clean.

This vanlife beaver shirt is designed for those who enjoy life on the road, scenic stops, and a bit of dry humour along the way.

EU representative: HONSON VENTURES LIMITED, gpsr@honsonventures.com, 3, Gnaftis House flat 102, Limassol, Mesa Geitonia, 4003, CY
Product information: Gildan 64000, 2 year warranty in EU and Northern Ireland as per Directive 1999/44/EC
Warnings, Hazard: For adults, Made in Bangladesh
Care instructions: Machine wash: cold (max 30C or 90F), with similar colors , Do not bleach, Tumble dry: low heat, Iron, steam or dry: low heat, Do not dryclean",13.33,GBP,56943,"vanlife_shirt,beaver_shirt,camping_humor,camper_van_tee,outdoor_funny_tee,wild_beavers,road_trip_shirt,camper_gift,van_life_gift,hiking_humor,festival_outfit,unisex_graphic_tee,nature_lover_gift",,https://i.etsystatic.com/63847702/r/il/154243/7739514068/il_fullxfull.7739514068_fn2a.jpg,https://i.etsystatic.com/63847702/r/il/877076/7739477602/il_fullxfull.7739477602_tqid.jpg,https://i.etsystatic.com/63847702/r/il/c2865c/7732914076/il_fullxfull.7732914076_4gxu.jpg,https://i.etsystatic.com/63847702/r/il/db3211/7732914788/il_fullxfull.7732914788_e8ey.jpg,https://i.etsystatic.com/63847702/r/il/345690/7732905020/il_fullxfull.7732905020_8c55.jpg,https://i.etsystatic.com/63847702/r/il/1b8034/7780856185/il_fullxfull.7780856185_6kx1.jpg,https://i.etsystatic.com/63847702/r/il/bc140d/7780856839/il_fullxfull.7780856839_afin.jpg,https://i.etsystatic.com/63847702/r/il/499bde/7732906252/il_fullxfull.7732906252_ixao.jpg,https://i.etsystatic.com/63847702/r/il/7c0ec7/7732907070/il_fullxfull.7732907070_mz3s.jpg,https://i.etsystatic.com/63847702/r/il/dcb11c/7780860001/il_fullxfull.7780860001_jk7c.jpg,"Custom Property",Colors,"Dark Chocolate,Light Blue,Navy,Red,Royal,Sport Grey,White,Black,Military Green,Dark Heather,Natural","Custom Property",Sizes,"S,M,L,XL,2XL,3XL","26574257047123258565,10062195003789279860,unavailable_sku,17122281040566909019,64345520991720737101,68641904608266983326,59398111689017040281,16383496026703053553,11359577051922611800,25107419909757667753,23350585024599690875,54795428403799289286,35497930760480593549,25444920568275526414,22444227934688520935,17254755411067552824,22337658297433095862,13051324139503987746,97470734706219467772,13141406963961484651,16632924912575396884,64803860898102080860,91436403569956979005,15989196452006375347,25536252724538077669,44011660977094544798,66806118941461149264,20280145450898272580,10739961566729678089,12695538928377764500,15480972533986475311,19772582405341289791,13748522780231719351,27306442225280368166,32191725846578007171,20414680294087177731,34918801180867406681,43167856283838113139,48747179750321245618,28740534117101646057,12032417879270319470,18622409598022978385,15949102313022938909,14375561140126972468,21430527765663414721,29252279090392666448,19039898577948218991,21364755539450347156,21658244824809212372,10285603099988769184,21269878082390907030,15431901897088417759,32312760003070738986,12212534992714820410,68759539133976193163,25012497285403402274,18635194873633172640,71087702384958502684"
"Sarcastic Tech Humor T-Shirt – Retro Computer Geek Slogan Tee","Embrace your inner tech genius with a touch of classic sarcasm. This ultra-comfortable unisex tee features the timeless tech-humor slogan: ""Thought I was Wrong Once... Turns out I was Mistaken."" Perfect for software engineers, IT professionals, retro computer enthusiasts, or anyone who is simply always right.

Key Features:

Premium Comfort: Made from high-quality, soft-spun cotton that feels great all day.

Durable Print: High-definition graphic print designed to stay crisp wash after wash.

Versatile Fit: A classic unisex retail fit that runs true to size, perfect for layering or wearing solo.

Retro Aesthetic: Minimalist typography that pairs perfectly with a modern or vintage-inspired wardrobe.

Sizing & Care:
Available in multiple sizes and colors to suit every style. Machine wash cold, tumble dry low.",12.87,GBP,46953,"Funny_Tech_Shirt,Geek_Humor_Tee,Sarcastic_Slogan,IT_Professional_Gift,Computer_Nerd_Tee,Thought_I_Was_Wrong,Programmer_Gift,Retro_Tech_Style,Software_Engineer,Sarcasm_T-Shirt,Minimalist_Graphic,Tech_Humor_Gift,Unisex_Nerd_Shirt",,https://i.etsystatic.com/63847702/r/il/2d4a74/7843057055/il_fullxfull.7843057055_1jsf.jpg,https://i.etsystatic.com/63847702/r/il/20366e/7729512044/il_fullxfull.7729512044_c69s.jpg,https://i.etsystatic.com/63847702/r/il/a43666/7777458591/il_fullxfull.7777458591_69ik.jpg,https://i.etsystatic.com/63847702/r/il/a351d1/7777460275/il_fullxfull.7777460275_n7d7.jpg,https://i.etsystatic.com/63847702/r/il/47051a/7777463009/il_fullxfull.7777463009_6ls8.jpg,https://i.etsystatic.com/63847702/r/il/75bff1/7729521012/il_fullxfull.7729521012_jot7.jpg,https://i.etsystatic.com/63847702/r/il/cb9fb8/7777468899/il_fullxfull.7777468899_abro.jpg,https://i.etsystatic.com/63847702/r/il/5dab01/7729524772/il_fullxfull.7729524772_rs4f.jpg,https://i.etsystatic.com/63847702/r/il/c6b967/7729525752/il_fullxfull.7729525752_26gk.jpg,,"Custom Property",Colors,"Light Blue,Light Pink,Natural,Orange,Red,Sand,Sport Grey,White","Custom Property",Sizes,"S,M,L,XL,2XL,3XL,4XL,5XL","98705240774607968682,17263291308349653822,unavailable_sku,26757173645073982381,10556867687825940230,12891730624397713568,11639514171158490261,10296092368750783626,19421741138766157249,10447764702957795169,28973775142947292016,33236818464109200407,29701062066272560586,31692784928692139414,29238017144691247414,17954062383390018718,29597701857221941056,26201264293619107272,64650401620417576866,23905125354159937802,15855206990526463788,32443952957661345734,17130415765498785555,31466201440107792192,14357332621430231290,26849422201340903428,25083497034761330001,10498166743052786902,29886316470854935880,11851009739174944144,18224678373772830400,47571730587198298361,31786242974842663475,19615221166618167467,87114474992636260721,30301058275731450153,22066651196515304600,26622560543247129256,26842392467520377212,16826855426398356976,13823994432987602419,27676494262430511608,54925348588283970026,17499700457868092113,20075937594240640106,32068739703617022829,18299313535723922787,63747741736273937350"
"Full Power Restored Minimalist Tech T Shirt","Sometimes you do not need to say much.

This minimalist tech inspired t shirt features a small chest battery icon with the words Full Power Restored, designed for people who appreciate subtle humour and clean design rather than loud slogans. It is a quiet nod to tech culture, energy levels, and that moment when everything is finally back at one hundred percent.

Part of the growing Low Battery and Full Power series, this design works just as well for everyday wear as it does as a thoughtful gift for developers, IT professionals, gamers, engineers, or anyone who lives life one recharge at a time.

Printed small on the chest for a premium, understated look that feels intentional rather than novelty.

About the T Shirt
The Comfort Colors 1717 is known for its relaxed fit and soft, garment dyed finish. The heavyweight ring spun cotton gives it a worn in feel from day one while remaining durable enough for regular wear.

• Heavyweight 100 percent ring spun US cotton
• Garment dyed for a soft, lived in feel
• Relaxed unisex fit
• Pre shrunk fabric
• Durable double needle stitching
• No side seams for a clean silhouette

This is a tee you will reach for when you want comfort, subtle humour, and something that feels considered rather than disposable.

EU representative: HONSON VENTURES LIMITED, gpsr@honsonventures.com, 3, Gnaftis House flat 102, Limassol, Mesa Geitonia, 4003, CY
Product information: Comfort Colors® 1717, 2 year warranty in EU and Northern Ireland as per Directive 1999/44/EC
Warnings, Hazard: Made in Honduras
Care instructions: Machine wash: cold (max 30C or 90F), Do not bleach, Tumble dry: low heat, Iron, steam or dry: low heat, Do not dryclean",11.08,GBP,47952,,,https://i.etsystatic.com/63847702/r/il/215195/7898419092/il_fullxfull.7898419092_5yo2.jpg,https://i.etsystatic.com/63847702/r/il/71a13e/7898419892/il_fullxfull.7898419892_ex1i.jpg,https://i.etsystatic.com/63847702/r/il/2c59c8/7898421354/il_fullxfull.7898421354_ey6i.jpg,https://i.etsystatic.com/63847702/r/il/aa70c3/7898422786/il_fullxfull.7898422786_fu90.jpg,https://i.etsystatic.com/63847702/r/il/5d3371/7898424424/il_fullxfull.7898424424_akl7.jpg,https://i.etsystatic.com/63847702/r/il/76f815/7898425924/il_fullxfull.7898425924_fixu.jpg,https://i.etsystatic.com/63847702/r/il/e99599/7946387593/il_fullxfull.7946387593_ige7.jpg,https://i.etsystatic.com/63847702/r/il/28f846/7898428918/il_fullxfull.7898428918_ej05.jpg,https://i.etsystatic.com/63847702/r/il/573241/7946390485/il_fullxfull.7946390485_oeja.jpg,https://i.etsystatic.com/63847702/r/il/f1d305/7946390999/il_fullxfull.7946390999_jpbw.jpg,"Custom Property",Colors,"Navy,Sport Grey,White,Black,Military Green,Dark Heather,Dark Heather Grey","Custom Property",Sizes,"S,M,L,XL,2XL,3XL,4XL,5XL","20523415853002745923,26818892961379685455,18819071815272021282,29951462444964849868,41116472425359220475,14983245236887248210,31677802054309424814,23031649561814307356,26406235810566660236,21884973918825154286,41175294219866449960,unavailable_sku,21315981879483532078,42562956104953567085,12945054910467192157,35105244244231743519,33287171896850021608,13784471140759318214,97437238232371446210,95235834343252482564,43600732342047281136,14398306670248048577,57591107668340491056,81851582146982333558,23709316261925539898,19735322834555201671,18833300331859800268,10308420943740983951,12579697596221352059,92414044119395722965,17244379948508762347,32077349264404745101,24315055881690994721,28449958756726895060,29237139427715069909,25425298245564460323,28741602350748552104,30282115516603622868,23815624316658464440,50564449141716249257,20650642763488454869,28462009511771113937,12901100693093932865,89783070347977093243,11460325455055942090,16989430598841093106,12276402816702913484,33594339502317573517,17201801812051181446"
"T-Shirt | Minimalist Social Humor Top, Not on Dating Apps Say Hello Tee","Sometimes the simplest message says it all.

This humorous minimalist t shirt is for anyone tired of dating apps and still brave enough to believe in real world conversations. Featuring a clean diagram style design with a phone clearly marked as “Not required” and the blunt but friendly message “I am not on dating apps. Say hello.” this tee works as both a joke and a genuine invitation.

The design is intentionally simple and high contrast, making it easy to read from across the room and perfect for everyday wear. Whether you wear it to a coffee shop, festival, pub, or just out running errands, it tends to spark smiles, nods, and occasionally actual conversation.

Printed on the Gildan Softstyle 64000, this t shirt offers a lightweight feel with a modern unisex fit that is comfortable all year round. Soft ring spun cotton, smooth seams, and a tear away label make it an easy go to piece rather than a novelty that stays in the drawer.

Great as a gift for introverts, extroverts, single friends, or anyone who prefers saying hello over swiping.

Product details

• Lightweight and soft ring spun cotton fabric
• Classic unisex fit with crew neckline
• Smooth feel with no side seams
• Tear away label for comfort
• Ethically sourced and Oeko Tex certified materials

Please note that the white colour may appear slightly off white due to fabric properties.

EU representative: HONSON VENTURES LIMITED, gpsr@honsonventures.com, 3, Gnaftis House flat 102, Limassol, Mesa Geitonia, 4003, CY
Product information: Gildan 64000, 2 year warranty in EU and Northern Ireland as per Directive 1999/44/EC
Warnings, Hazard: For adults, Made in Bangladesh
Care instructions: Machine wash: cold (max 30C or 90F), with similar colors , Do not bleach, Tumble dry: low heat, Iron, steam or dry: low heat, Do not dryclean",11.39,GBP,46953,"dating_app_humor,funny_t_shirt,anti_tinder_shirt,say_hello_tee,social_humor_top,introvert_humor,minimalist_shirt,conversation_starter,single_life,tee_awkward_humor,modern_graphic_tee,unisex_funny_shirt,dry_humor_shirt",,https://i.etsystatic.com/63847702/r/il/95e014/7898340434/il_fullxfull.7898340434_e4ym.jpg,https://i.etsystatic.com/63847702/r/il/e27da9/7898323826/il_fullxfull.7898323826_9y0w.jpg,https://i.etsystatic.com/63847702/r/il/272674/7946286005/il_fullxfull.7946286005_5ee3.jpg,https://i.etsystatic.com/63847702/r/il/1b6110/7946287457/il_fullxfull.7946287457_mkk6.jpg,https://i.etsystatic.com/63847702/r/il/e4e8ff/7898327612/il_fullxfull.7898327612_po2d.jpg,https://i.etsystatic.com/63847702/r/il/335659/7898328766/il_fullxfull.7898328766_poe5.jpg,https://i.etsystatic.com/63847702/r/il/27c81a/7946290115/il_fullxfull.7946290115_5vk4.jpg,https://i.etsystatic.com/63847702/r/il/f8bf26/7946290493/il_fullxfull.7946290493_9jta.jpg,https://i.etsystatic.com/63847702/r/il/ef5962/7898330288/il_fullxfull.7898330288_807o.jpg,,"Custom Property",Colors,"Dark Chocolate,Irish Green,Navy,Red,Sport Grey,White,Black,Military Green,Dark Heather","Custom Property",Sizes,"S,M,L,XL,2XL,3XL","19170761006921262219,23944837104896350778,unavailable_sku,33234148771356752421,82353266301010644864,28309068562118485523,11793221733804770861,32292346047095171145,12437093041628823947,18193948311097228148,89443045225688603125,82268523837915448252,22256108655960837950,22045713242551114729,23967907491886844745,32525363432395466936,12485757958875199576,10539501820623534383,15225999732141121051,21991181426581591579,11183271650539688666,20868088869497944669,39624111604955054522,23658814924795464575,97710136419976768422,68892262286967077299,29072189734966858264,17854965993962436382,23687028372522647071,25553007362259483289,19384398716356300944,32661688112318821710,33498416161959967456,29267220506890271830,33296467088098603983,32579524972362928326,32395692708948202159,16246580279356838884,29310254565393081824,10809290162550611497,21561657536687567842,28460168679562170176,26272361832140216822,23632547158944789568,19074540779069998821,19028540735331110459,24910380367507570336,83949385406145040986"
"Van Life Sweatshirt Campervan Sweatshirt Funny Van Life Eventually Shirt Camper Gift Campervan Owner Gift Van Build Hoodie Unisex Crewneck","Van life is the plan. The build is still… ongoing.

This “Van Life Eventually” sweatshirt captures that familiar reality. Half finished projects, tools everywhere, and a well earned break before the next stage begins. It is a subtle, relatable design for anyone who knows the gap between the dream and the timeline.

The illustration features a relaxed scene beside a classic campervan, created in a clean, modern style with warm, muted tones. It feels understated and authentic rather than loud or novelty, making it easy to wear beyond the joke.

Designed for everyday comfort, this unisex crewneck sweatshirt is soft, durable, and easy to layer. Ideal for cooler mornings, workshop sessions, or casual wear while planning the next phase of your van build.

A strong gift choice for campervan owners, van builders, road trip lovers, and anyone living the “eventually” version of van life.

Product Details

• Unisex crewneck sweatshirt with classic fit
• Medium weight fabric suitable for year round wear
• Soft feel with durable double stitching
• Smooth print surface for clear, long lasting design
• Tear away label for added comfort
• Made using responsibly sourced materials
• OEKO TEX certified dyes

Please note the white option may appear slightly off white due to fabric finish.

Care Instructions

• Machine wash cold
• Tumble dry low
• Non chlorine bleach if needed
• Do not iron directly on print
• Do not dry clean",23.78,GBP,33966,"van_life_sweatshirt,campervan_sweatshirt,van_life_shirt,campervan_gift,van_life_gift,van_conversion_shirt,van_build_shirt,camper_shirt_men,camper_shirt_women,van_life_clothing,funny_camper_shirt,van_life_apparel,campervan_shirt",,https://i.etsystatic.com/63847702/r/il/f73248/7961113535/il_fullxfull.7961113535_kub6.jpg,https://i.etsystatic.com/63847702/r/il/e42c25/7915890099/il_fullxfull.7915890099_iknn.jpg,https://i.etsystatic.com/63847702/r/il/4627f3/7867938706/il_fullxfull.7867938706_25yd.jpg,https://i.etsystatic.com/63847702/r/il/8d40c4/7867941078/il_fullxfull.7867941078_hh2h.jpg,https://i.etsystatic.com/63847702/r/il/b78fad/7867942676/il_fullxfull.7867942676_nhde.jpg,https://i.etsystatic.com/63847702/r/il/fe1683/7915898333/il_fullxfull.7915898333_jgue.jpg,https://i.etsystatic.com/63847702/r/il/ec6a15/7915898791/il_fullxfull.7915898791_bcan.jpg,https://i.etsystatic.com/63847702/r/il/f7c23e/7915899213/il_fullxfull.7915899213_hy4n.jpg,https://i.etsystatic.com/63847702/r/il/48ad6b/7915899755/il_fullxfull.7915899755_a8ql.jpg,https://i.etsystatic.com/63847702/r/il/92e0c7/7867945664/il_fullxfull.7867945664_mhvc.jpg,"Custom Property",Colors,"Navy,Sand,Sport Grey,White,Black,Forest Green","Custom Property",Sizes,"S,M,L,XL,2XL,3XL,4XL","18590251001254577954,67217037245914540273,unavailable_sku,19294467817689750262,46615255880792749185,26599224833577603961,19487173206437632064,19000366184214195080,14413431561739385005,16710195247516545814,11122716353943941515,31123983906706342619,14270926249099594575,20552610237133515556,27459493846183704789,23237123570564118766,30142043076422763998,73928438981811891303,11899353777991782499,18956981770658318917,18033850463928798494,12914427308114777217,32750650515487919296,33897934836717413263,57354861827641346198,32725534560425119191,66486988946996897044,11083545856827844153,22857288642477289521,23953751567773736402,15446242150805548976,23193935864022931263,27257404199344591800,28641310463929359229,19417823034862593618"
"Retro System Properties Laptop Sleeve – 1.44MB Floppy Disk Tech Bag","Wrap your high-performance tech in a reminder of simpler times. This premium laptop sleeve features a dry, technical ""System Properties"" spec plate, detailing a 1.44MB storage capacity and volatile memory that only resets after coffee. It’s the perfect accessory for developers, IT professionals, and vintage tech enthusiasts.

Technical Aesthetic: Features an industrial stenciled floppy icon and authentic monospaced typography for a legitimate ""Spec Plate"" look.
Precision Layout: Meticulously designed with IBM Plex Mono to mimic a classic legacy computer property window.
Protective Wit: High-quality print on a durable sleeve that jokes about ""Pending Cloud Updates"" and ""High Density"" storage.
Slim & Secure: A sleek design that fits into backpacks or commutes while maintaining a bold, high-contrast appearance.

System Manifest:
STORAGE: 1.44MB (High Density - 0% Available)
MEMORY: Volatile (Resets after one morning coffee)
POWER: Solar (Pending cloud update)

EU representative: HONSON VENTURES LIMITED, gpsr@honsonventures.com, 3, Gnaftis House flat 102, Limassol, Mesa Geitonia, 4003, CY
Product information: Generic brand, 2 year warranty in EU and Northern Ireland as per Directive 1999/44/EC
Care instructions: Use warm water, dish soap and clean spots off your sleeve. It's not necessary to soak the whole sleeve. For hard to clean spots use a soft bristled brush.",19.04,GBP,4995,"Laptop_Sleeve,Tech_Accessory,Funny_IT_Gift,Retro_Computer_Bag,Floppy_Disk_Art,System_Properties,90s_Tech_Gear,Programmer_Gift,IBM_Plex_Mono,Technical_Spec,Legacy_Hardware,Geeky_Laptop_Case,Software_Engineer",Neoprene,https://i.etsystatic.com/63847702/r/il/bf04ba/7728806366/il_fullxfull.7728806366_t3fu.jpg,https://i.etsystatic.com/63847702/r/il/198727/7640296914/il_fullxfull.7640296914_km8y.jpg,https://i.etsystatic.com/63847702/r/il/ad0666/7688237557/il_fullxfull.7688237557_her5.jpg,https://i.etsystatic.com/63847702/r/il/cb2d90/7640293054/il_fullxfull.7640293054_erwe.jpg,https://i.etsystatic.com/63847702/r/il/b5bb4d/7688238445/il_fullxfull.7688238445_s356.jpg,https://i.etsystatic.com/63847702/r/il/1c730e/7640294066/il_fullxfull.7640294066_k9wh.jpg,,,,,"Custom Property",Size,"7&quot;,10&quot;,13&quot;,15&quot;,17&quot;",,,,"15833353774377563841,32474939141439266432,18559056405071731182,19936472997298091410,31031200259720924490"
"Retro Geek Life Hoodie – System Properties Tech Spec, Floppy Disk Sweatshirt","Upgrade your system with this premium ""System Properties"" hoodie. Designed for developers, van lifers, and vintage tech enthusiasts, this sweatshirt features a dry technical manifest of your essential operating specs. Whether you're waiting for a solar update or a caffeine-induced memory reset, this is the ultimate gear for the volatile explorer.

Technical Industrial Aesthetic: Features a high-contrast stenciled floppy icon and authentic monospaced typography for a legitimate spec-plate look.
Superior Comfort: Built with a soft, durable blend that’s perfect for long coding sessions or chilly nights at the campsite.
Dry Tech Humor: Includes detailed system jokes such as ""1.44MB Storage"" and ""Memory Resets After Morning Coffee"".
High-Contrast Design: Meticulously aligned using IBM Plex Mono Bold to mimic a classic legacy computer property window.

System Manifest:
STORAGE: 1.44MB (High Density - 0% Available)
MEMORY: Volatile (Resets after one morning coffee)
POWER: Solar (Pending cloud update)

EU representative: HONSON VENTURES LIMITED, gpsr@honsonventures.com, 3, Gnaftis House flat 102, Limassol, Mesa Geitonia, 4003, CY
Product information: Gildan SF500, 2 year warranty in EU and Northern Ireland as per Directive 1999/44/EC
Care instructions: Machine wash: cold (max 30C or 90F), gentle cycle, Non-chlorine: bleach as needed, Tumble dry: low heat, Iron, steam or dry: low heat, Do not dryclean",40.76,GBP,82917,"Retro_Tech_Hoodie,Van_Life_Clothing,Funny_IT_Pullover,Floppy_Disk_Art,System_Properties,90s_Computer_Gear,Programmer_Gift,IBM_Plex_Mono,Technical_Spec,Legacy_Hardware,Geeky_Sweatshirt,Solar_Power_Joke,Software_Engineer","Cotton,Polyester",https://i.etsystatic.com/63847702/r/il/364289/7640379088/il_fullxfull.7640379088_lp0f.jpg,https://i.etsystatic.com/63847702/r/il/7e743a/7688321231/il_fullxfull.7688321231_q56l.jpg,https://i.etsystatic.com/63847702/r/il/c2a5bc/7640376676/il_fullxfull.7640376676_594t.jpg,https://i.etsystatic.com/63847702/r/il/6b134f/7640377214/il_fullxfull.7640377214_i5sc.jpg,https://i.etsystatic.com/63847702/r/il/ac5e89/7688322873/il_fullxfull.7688322873_cbl5.jpg,https://i.etsystatic.com/63847702/r/il/37245e/7640378494/il_fullxfull.7640378494_hmu4.jpg,https://i.etsystatic.com/63847702/r/il/a09898/7640379774/il_fullxfull.7640379774_o0be.jpg,https://i.etsystatic.com/63847702/r/il/42e2d5/7640380400/il_fullxfull.7640380400_t4tl.jpg,https://i.etsystatic.com/63847702/r/il/adf257/7640380904/il_fullxfull.7640380904_ne42.jpg,https://i.etsystatic.com/63847702/r/il/ebc45d/7688326345/il_fullxfull.7688326345_nc0s.jpg,"Custom Property",Sizes,"S,M,L,XL,2XL,3XL,4XL,5XL","Custom Property",Colors,"Dark Heather,Maroon,Navy,Purple,Red,Sand,White,Sport Grey,Black,Forest Green,Cement","14470095647935304807,29058297731639997710,33645159778466646408,10266946729241787961,10390136634142474484,47505178873622556264,22905183710431222871,38763491595499336434,19063413015184809077,49800861697283110459,76029173079707114539,24679487253640548300,18712951364654968549,12878967101735215592,13153182990167026727,27045139445589082780,28812626151752027229,24572741434445908515,32779163427138257227,21903215968430292886,30017932107848509598,12861017165734573792,18804849508798724308,67003398131097058994,17219705993892361483,18555385664413134898,13751566225915280737,23786346632122611385,64965128788701291024,28460098078234822969,25790207739497558097,95785548492731370901,18664628900819757731,30209323730903449311,19713273487894011822,19677023929549126932,17335928769990051608,47609552066208135305,25870412136859385416,24195563205351952751,32216212783207341298,unavailable_sku,19184188404763096558,14674719309278129628,70689771620548880482,27021364253994225880,10220432393922057690,17842679900253912403,70268930474974233157,26961801134568307724,32412749638379074775,29948210637996241022,19925872845336310641,26029899226220950040,28134191006560051669,28348718234757177732,28019819801193662580,34088474950280148925,26447242185599086070,44462210085412476374,21362631549142020569,43263033609455079570,10825442332003977006,18574554231847715409,10786008160704405211,44093589124145602208,22387479239196591071,29810687478129013320,32525663861522946553,30893874951019841938,65071153322001604299,28213514449510423247,19253491749081894765,31232208257874736436,33619630571843170442,31440948371476596093,16231336942945723109,21100740074653897476,34020979885423962525,14876292381385902804,11480754410781152601,23404308053309156060,23697860730214450801,28915446469922924495"
"Retro System Properties Mug – Funny Van Life Campfire Cup","This isn't just a mug; it’s a hardware manifest for those who prefer solar power over cloud syncing. Featuring a dry, technical ""System Properties"" UI design, it’s the ultimate vessel for van lifers, programmers, and vintage tech enthusiasts who know that 1.44MB is all the storage you really need.

Adventure-Ready Build: Available in durable enamel for campfire use or classic ceramic for the mobile office.
Industrial Aesthetic: High-contrast technical readout featuring a stenciled floppy disk icon and authentic monospaced typography.
The Coffee Joke: Specifically designed for the ""Memory: Volatile"" spec, because we all know the system only resets after that first morning cup.
Tech Spec Precision: Designed with brand-accurate IBM Plex Mono to mimic a legitimate legacy system property box.

System Manifest:
STORAGE: 1.44MB (High Density - 0% Available)
MEMORY: Volatile (Resets after one morning coffee)
POWER: Solar (Pending cloud update)

EU representative: HONSON VENTURES LIMITED, gpsr@honsonventures.com, 3, Gnaftis House flat 102, Limassol, Mesa Geitonia, 4003, CY
Product information: ORCA Coatings, 2 year warranty in EU and Northern Ireland as per Directive 1999/44/EC
Care instructions: Clean in dishwasher or wash by hand with warm water and dish soap",16.99,GBP,999,"Van_Life_Shirt,Retro_Tech_Tee,Funny_Programmer,IT_Humor_Clothing,Floppy_Disk_Art,System_Properties,90s_Computer_Gear,Solar_Power_Joke,IBM_Plex_Mono,Technical_Spec,Legacy_Hardware,Geeky_T-Shirt,Camper_Van_Gift",Steel,https://i.etsystatic.com/63847702/r/il/a6e820/7640239582/il_fullxfull.7640239582_leex.jpg,https://i.etsystatic.com/63847702/r/il/c0ecf3/7688185001/il_fullxfull.7688185001_7tk2.jpg,https://i.etsystatic.com/63847702/r/il/3c7a9c/7640240482/il_fullxfull.7640240482_dsvn.jpg,https://i.etsystatic.com/63847702/r/il/73b9fa/7640241014/il_fullxfull.7640241014_6le8.jpg,https://i.etsystatic.com/63847702/r/il/63013c/7640241470/il_fullxfull.7640241470_ax88.jpg,,,,,,,,,,,,27174493642302639876
"Insert Disk and Retry Mug, Retro Computer Humor Coffee Mug, Floppy Tech Gift","• Clear retro tech hook
• Humor and gift intent included
• Under 140 characters
• No fluff words that dilute search relevance

Description

Some mornings need more than coffee.
They need instructions.

This retro computer humor mug features a classic floppy disk graphic with the message “Insert Disk and Retry” a quiet nod to early computing, patience, and the days when nothing happened instantly.

Designed for people who remember system prompts, error messages, and waiting for things to load, this mug is subtle enough for work desks and relatable enough to raise a knowing smile.

Available in 11oz and 15oz sizes, with a glossy ceramic finish and coloured handle and interior options to suit your setup. Ideal for coffee, tea, or whatever keeps you going when the system needs another try.

Part of the 1.44MB Originals collection from HandyEnough.
Inspired by early personal computing, shared experiences, and dry humour that does not need explaining.

Perfect as a gift for tech workers, programmers, retro computer fans, or anyone who has ever pressed retry and hoped for the best.",15.99,GBP,11988,"insert_disk_mug,retro_computer_mug,floppy_disk_mug,tech_humor_mug,nerd_desk_mug,office_humor_mug,geek_coffee_mug,system_error_humor,retro_tech_gift,144mb_originals,programmer_mug,vintage_gift",,https://i.etsystatic.com/63847702/r/il/169199/7652665430/il_fullxfull.7652665430_et47.jpg,https://i.etsystatic.com/63847702/r/il/aed32d/7674944127/il_fullxfull.7674944127_ptju.jpg,https://i.etsystatic.com/63847702/r/il/efd48a/7626984768/il_fullxfull.7626984768_pnyy.jpg,https://i.etsystatic.com/63847702/r/il/738c9a/7674939771/il_fullxfull.7674939771_n9pa.jpg,https://i.etsystatic.com/63847702/r/il/642828/7626992670/il_fullxfull.7626992670_sbpu.jpg,https://i.etsystatic.com/63847702/r/il/6b3838/7674942697/il_fullxfull.7674942697_54rg.jpg,https://i.etsystatic.com/63847702/r/il/130815/7626997072/il_fullxfull.7626997072_fqlo.jpg,https://i.etsystatic.com/63847702/r/il/53fd34/7626998534/il_fullxfull.7626998534_qj8h.jpg,https://i.etsystatic.com/63847702/r/il/b8ff6f/7678651571/il_fullxfull.7678651571_8u5h.jpg,,"Custom Property",Colors,"Black,Blue,Cambridge Blue,Golden Yellow,Green,Light Blue,Light Green,Maroon,Orange,Pink,Red,Yellow",,,,"91141115790699562992,70366036129134899451,38451570956172871600,11328994775989596758,45669644091970899969,28597369150899772698,14362031039030841999,25425380770413084040,10912545941122820562,86110682715073960650,28154189209915119081,17539023745230213048"
"Retro Floppy Disk Phone Case – 90s Tech Gift","Part of the 1.44MB Originals collection, this phone case is a quiet nod to the era when storage was measured in megabytes and technology felt tangible.

Featuring a minimalist floppy disk emblem, this tough protective case blends retro computing nostalgia with modern everyday protection. Designed for people who appreciate subtle humour, old systems, and clean design rather than loud graphics.

Built with dual-layer protection, the rigid polycarbonate shell helps absorb everyday impacts while the TPU lining adds extra shock resistance. The case supports wireless charging and keeps ports open and accessible, so it works as well as it looks.

Ideal for tech workers, programmers, designers, and anyone who remembers saving files carefully because space actually mattered.

A functional accessory with a small signal of digital self-awareness.

Product features

• Dual-layer tough case for everyday protection
• Polycarbonate outer shell with TPU lining
• Matte or glossy finish options
• Wireless charging compatible
• Open ports for easy access
• Available for iPhone, Samsung Galaxy, and Google Pixel models

Part of the 1.44MB Originals retro tech series by HandyEnough.

EU representative: HONSON VENTURES LIMITED, gpsr@honsonventures.com, 3, Gnaftis House flat 102, Limassol, Mesa Geitonia, 4003, CY
Product information: Generic brand, 2 year warranty in EU and Northern Ireland as per Directive 1999/44/EC
Warnings, Hazard: For adults, Blank product sourced from South Korea

Care instructions: Clean with a soft damp cotton or microfiber cloth (add a drop of dish soap if needed).",29.8,GBP,23976,"retro_phone_case,floppy_disk_case,144mb_originals,tech_nostalgia_case,minimal_phone_case,geek_phone_case,programmer_gift,tech_worker_gear,retro_tech_style,vintage_computer,modern_nostalgia,office_tech_humor,digital_minimalism",,https://i.etsystatic.com/63847702/r/il/27fbee/7619404782/il_fullxfull.7619404782_bloa.jpg,https://i.etsystatic.com/63847702/r/il/0df92d/7619395924/il_fullxfull.7619395924_apuv.jpg,https://i.etsystatic.com/63847702/r/il/773021/7619396858/il_fullxfull.7619396858_n70w.jpg,https://i.etsystatic.com/63847702/r/il/7a468e/7619397564/il_fullxfull.7619397564_64wl.jpg,https://i.etsystatic.com/63847702/r/il/7f2416/7619398140/il_fullxfull.7619398140_7dda.jpg,https://i.etsystatic.com/63847702/r/il/2790cb/7667342827/il_fullxfull.7667342827_e0yb.jpg,https://i.etsystatic.com/63847702/r/il/f0902b/7619399412/il_fullxfull.7619399412_dpl6.jpg,https://i.etsystatic.com/63847702/r/il/add2f0/7667345231/il_fullxfull.7667345231_tdz0.jpg,https://i.etsystatic.com/63847702/r/il/680175/7667346409/il_fullxfull.7667346409_6cjn.jpg,https://i.etsystatic.com/63847702/r/il/914cfa/7619402928/il_fullxfull.7619402928_nj2v.jpg,"Custom Property","Phone models","iPhone 17,iPhone 17 Air,iPhone 17 Pro,iPhone 17 Pro Max,iPhone 16 Pro,iPhone 16 Pro Max,iPhone 16,iPhone 16 Plus,Google Pixel 9,Google Pixel 9 Pro,Google Pixel 9 Pro XL,Google Pixel 8","Custom Property",Finishes,"Glossy,Matte","24197664827050552878,10441711860266464210,29732101843543034433,12834706172888729772,30541090304204880295,11654567439502718822,20870167589531522740,23820694576707901078,26759295073683249715,27423185472630673576,30694598994349816072,14968150510600487291,27250979093739669637,32414104600177855808,29107414812392652461,27266231154580720660,15418886614354733467,29488252185907261262,16860090623599901644,33845456163110671395,11498014789988274042,27424792449934332449,22477566413136643439,22405956661072002894"
"This May Take a While Loading T Shirt | Retro Progress Bar Humor Tee | Tech Shirt","Some things do not need rushing.

This minimalist t shirt features a retro style loading bar with the message “This May Take a While”, a quiet nod to old computers, slow systems, and modern life pretending everything is instant. It is understated, relatable, and designed to raise a knowing smile rather than shout for attention.

Printed on the Comfort Colors 1717 garment dyed tee, this shirt has a soft lived in feel straight out of the box. The relaxed fit and heavyweight cotton make it ideal for everyday wear, whether you are working from home, waiting for things to load, or simply taking life at a sensible pace.

This design is part of the HandyEnough system message series, inspired by classic interfaces, progress bars, and the shared experience of waiting for things to finish doing their thing.

A subtle gift for tech workers, programmers, creatives, office survivors, or anyone who understands that progress is sometimes… ongoing.

Product details
• Heavyweight 6.1 oz ring spun cotton
• Relaxed unisex fit
• Garment dyed for a soft, worn in look
• Durable double needle stitching
• No side seams for a clean silhouette
• Available in a wide range of muted and classic colours


EU representative: HONSON VENTURES LIMITED, gpsr@honsonventures.com, 3, Gnaftis House flat 102, Limassol, Mesa Geitonia, 4003, CY
Product information: Comfort Colors® 1717, 2 year warranty in EU and Northern Ireland as per Directive 1999/44/EC
Warnings, Hazard: Made in Honduras
Care instructions: Machine wash: cold (max 30C or 90F), Do not bleach, Tumble dry: low heat, Iron, steam or dry: low heat, Do not dryclean",18.8,GBP,24975,"this_may_take_awhile,loading_bar_shirt,retro_tech_humor,minimalist_tee,system_message_tee,progress_bar_shirt,slow_loading_humor,work_from_home_tee,programmer_shirt,tech_joke_shirt,office_life_shirt,quiet_humor_tee,handyenough",Cotton,https://i.etsystatic.com/63847702/r/il/cc6a51/7667211575/il_fullxfull.7667211575_ouxw.jpg,https://i.etsystatic.com/63847702/r/il/4c3392/7619266948/il_fullxfull.7619266948_6gtr.jpg,https://i.etsystatic.com/63847702/r/il/8f4b9a/7619267406/il_fullxfull.7619267406_a34t.jpg,https://i.etsystatic.com/63847702/r/il/9090d1/7619267780/il_fullxfull.7619267780_llbw.jpg,https://i.etsystatic.com/63847702/r/il/fcd428/7667213329/il_fullxfull.7667213329_pfdu.jpg,https://i.etsystatic.com/63847702/r/il/5401fc/7667213831/il_fullxfull.7667213831_df4i.jpg,,,,,"Custom Property","Comfort Colors® Colors","Black,White,Grey,Bay,Pepper,Ivory","Custom Property","Clothing sizes","S,M,L,XL,2XL,3XL","87667380079708371886,20958738630914053339,unavailable_sku,22652717540235274071,83298159538197804157,55491306146334786283,20618669134376222739,29653536327218099914,22663939432298385901,26561503079203073137,24073667805674974931,21867863516481445980,28205101583065904716,33347120748459040833,40833110184564399309,22587614701568042632,30290254359429158711,46932904709593324217,21394078046547117297,21306673949616876228,17328411000174696119,18614332982477697290,43399537574195644562,21012478141159391153,33227336680406855811,18456242997520615775"
"Backpack - The classic 1.44MB Retro Gift - Techno Geeks","Have you got room for all that? With our roomy and durable backpack, you will! This bag is made from spun polyester and weights 1.3 lbs, just enough to be light, strong and long-lasting. Grab it, stow it, throw it onto the seat next to you, this backpack can take it, and so will you, wherever you go!
.: Material: 100% Lightweight Polyester
.: Adjustable shoulder straps
.: Blank name tag sewn inside
.: Please note: Dashed lines used in the cut & sew process may be visible in the front pocket's interior
.: Assembled in the USA from globally sourced parts

EU representative: HONSON VENTURES LIMITED, gpsr@honsonventures.com, 3, Gnaftis House flat 102, Limassol, Mesa Geitonia, 4003, CY
Product information: Generic brand, 2 year warranty in EU and Northern Ireland as per Directive 1999/44/EC
Warnings, Hazard: Assembled in the USA from globally sourced parts
Care instructions: Before cleaning the bag, remove all the items from the bag. Suggested to pretreat visible stains with stain remover. Mix warm water with laundry detergent and clean the bag with terry washcloth or soft bristle brush. Let the bag air dry.",46.57,GBP,999,"144mb_originals,tech_backpack,minimal_backpack,retro_tech_bag,geek_backpack,computer_backpack,work_commute_bag,creative_backpack,developer_bag,programmer_gear,nostalgia_tech,digital_heritage,modern_carry_bag",Nylon,https://i.etsystatic.com/63847702/r/il/593c41/7829598282/il_fullxfull.7829598282_e5r7.jpg,https://i.etsystatic.com/63847702/r/il/c0ebbd/7877554397/il_fullxfull.7877554397_lovo.jpg,https://i.etsystatic.com/63847702/r/il/44284b/7877555707/il_fullxfull.7877555707_s0mq.jpg,https://i.etsystatic.com/63847702/r/il/2a4428/7829602036/il_fullxfull.7829602036_tm0b.jpg,https://i.etsystatic.com/63847702/r/il/2bf65c/7877557007/il_fullxfull.7877557007_k7et.jpg,,,,,,,,,,,,15746711739496091556
"Low Battery Full Power Tote Bag Minimal Tech Humor Reversible Mood Design","This minimalist tote bag features the full Low Battery and Full Power Restored designs, printed on opposite sides so it can be worn to match your energy and mood.

One side shows Low Battery with Power Saving Mode, perfect for slow days, tired mornings, or quiet productivity. Flip the bag and the Full Power Restored design appears, signalling focus, momentum, and a fully charged mindset.

Designed for people who live and work in a digital world, this tote is ideal for commuting, shopping, work, study, or travel. The clean battery graphic and simple text make it instantly recognisable without being loud, making it a subtle tech humour gift for modern life.

Made from durable spun polyester with reinforced stitching and comfortable cotton handles, this tote is built for everyday use while keeping its shape and colour. The all over print process ensures crisp lines and long lasting colour on both sides.

A practical and thoughtful gift for remote workers, developers, students, creatives, and anyone who runs on caffeine, WiFi, and changing energy levels.

Product details
• 100 percent polyester, medium weight and durable
• Double stitched seams for strength
• Cotton webbing handles
• Non woven laminate lining
• All over print on both sides
• Available in three sizes
• Size tolerance plus or minus 0.75 inches

EU representative: HONSON VENTURES LIMITED, gpsr@honsonventures.com, 3, Gnaftis House flat 102, Limassol, Mesa Geitonia, 4003, CY
Product information: Generic brand, 2 year warranty in EU and Northern Ireland as per Directive 1999/44/EC
Care instructions: Remove all items from the bag before cleaning. Suggested to pretreat visible stains with stain remover. Mix warm water with laundry detergent and clean the bag with terry washcloth or a soft bristle brush. Let the bag air dry.",16.56,GBP,14985,"low_battery_tote,full_power_tote,tech_humor_bag,productivity_bag,remote_work_bag,minimal_tech_bag,nerd_gift_tote,office_humor_bag,work_mood_tote,digital_life_bag,programmer_gift,tech_lifestyle_tote,modern_tote_bag",Polyester,https://i.etsystatic.com/63847702/r/il/f0a567/7662714525/il_fullxfull.7662714525_h6is.jpg,https://i.etsystatic.com/63847702/r/il/b3c488/7661021561/il_fullxfull.7661021561_j6ea.jpg,https://i.etsystatic.com/63847702/r/il/c91e12/7613104328/il_fullxfull.7613104328_ojiw.jpg,https://i.etsystatic.com/63847702/r/il/63c888/7613080000/il_fullxfull.7613080000_2nqy.jpg,https://i.etsystatic.com/63847702/r/il/78264c/7613081286/il_fullxfull.7613081286_fiuq.jpg,https://i.etsystatic.com/63847702/r/il/ea9d3d/7661022497/il_fullxfull.7661022497_5sz8.jpg,https://i.etsystatic.com/63847702/r/il/566a0a/7613082580/il_fullxfull.7613082580_ocf7.jpg,https://i.etsystatic.com/63847702/r/il/9b3d87/7661024391/il_fullxfull.7661024391_i8u3.jpg,https://i.etsystatic.com/63847702/r/il/7949f9/7661025149/il_fullxfull.7661025149_38ck.jpg,https://i.etsystatic.com/63847702/r/il/109127/7613090622/il_fullxfull.7613090622_dnos.jpg,"Custom Property",Sizes,"13&quot; × 13&#39;&#39;,16&quot; × 16&#39;&#39;,18&quot; × 18&#39;&#39;","Custom Property","Handle Color","Black,Red,White,Beige,Navy","60631594103099359400,20217340594448647722,32967201241764903174,14982505659177719062,29028666162208562340,16752845504249850392,22801621494252820442,16368574278208247724,11908400009117900408,15458983805197413085,98375034983114596187,32992743976035707671,17456815272225854881,28592743786314046875,17335841261834757472"
"Neoprene Laptop Sleeve, Water Resistant Dual Zipper Case","Made for transferring laptops in the coolest way possible, this personalized laptop sleeve is a dream come true for anyone working on the go or traveling. Featuring a black polyester back, a water-resistant construction, and dual zipper enclosures, this personalized laptop sleeve case is available in 7” sizes up to 17”. 

.: Material: Smooth neoprene
.: Customizable front with solid black back
.: Lightweight
.: Water resistant and durable
.: Dual zipper enclosures
.: Multiple sizes

EU representative: HONSON VENTURES LIMITED, gpsr@honsonventures.com, 3, Gnaftis House flat 102, Limassol, Mesa Geitonia, 4003, CY
Product information: Generic brand, 2 year warranty in EU and Northern Ireland as per Directive 1999/44/EC
Care instructions: Use warm water, dish soap and clean spots off your sleeve. It's not necessary to soak the whole sleeve. For hard to clean spots use a soft bristled brush.",19.04,GBP,4995,"full_power_restored,laptop_sleeve_humor,tech_laptop_case,productivity_gear,work_from_home,programmer_gift,minimalist_tech,remote_worker_gear,computer_sleeve,office_humor_gift,tech_worker_gift,modern_laptop_case,digital_life",Neoprene,https://i.etsystatic.com/63847702/r/il/b2f387/7660951463/il_fullxfull.7660951463_592i.jpg,https://i.etsystatic.com/63847702/r/il/fe2ebd/7660946829/il_fullxfull.7660946829_nnu4.jpg,https://i.etsystatic.com/63847702/r/il/551f7c/7660940903/il_fullxfull.7660940903_r8ha.jpg,https://i.etsystatic.com/63847702/r/il/46e8fa/7612999364/il_fullxfull.7612999364_8e45.jpg,https://i.etsystatic.com/63847702/r/il/baf2c6/7613000482/il_fullxfull.7613000482_iukt.jpg,https://i.etsystatic.com/63847702/r/il/444476/7660942081/il_fullxfull.7660942081_3su6.jpg,,,,,"Custom Property",Size,"7&quot;,10&quot;,13&quot;,15&quot;,17&quot;",,,,"14061903419665626309,89074019023586452972,20762490965532076174,99858164560698105065,16056453224510106108"
"Neoprene Laptop Sleeve, Water Resistant Dual Zipper Case","Some days run at full power. Others do not.

This minimalist laptop sleeve features the Low Battery – Power Saving Mode design, created for people who live and work through their devices and know exactly how that feels. Clean, understated, and quietly humorous, it is designed to protect your laptop while making a subtle statement about modern work energy.

Ideal for remote workers, students, developers, creatives, and anyone whose laptop is an extension of their daily life.
The sleeve is lightweight, durable, and water resistant, making it perfect for commuting, travel, and everyday use. The black back keeps it practical and professional, while the front graphic adds personality without being loud.

Features
• Smooth neoprene material
• Water resistant and durable construction
• Lightweight and easy to carry
• Dual zipper enclosure for secure access
• Custom printed front with solid black back
• Available in multiple sizes from 7 inch to 17 inch

A thoughtful gift for tech workers, tired students, coffee powered professionals, or anyone currently running in power saving mode.

EU representative: HONSON VENTURES LIMITED, gpsr@honsonventures.com, 3, Gnaftis House flat 102, Limassol, Mesa Geitonia, 4003, CY
Product information: Generic brand, 2 year warranty in EU and Northern Ireland as per Directive 1999/44/EC
Care instructions: Use warm water, dish soap and clean spots off your sleeve. It's not necessary to soak the whole sleeve. For hard to clean spots use a soft bristled brush.",30.32,GBP,4995,"low_battery_sleeve,laptop_sleeve_humor,tech_laptop_case,power_saving_mode,work_from_home_gift,programmer_gift,remote_worker_gear,computer_sleeve_case,office_humor_gift,tech_worker_gift,funny_laptop_case,digital_life_humor",Neoprene,https://i.etsystatic.com/63847702/r/il/a14eab/7660934243/il_fullxfull.7660934243_eo3r.jpg,https://i.etsystatic.com/63847702/r/il/19754a/7612980522/il_fullxfull.7612980522_4krc.jpg,https://i.etsystatic.com/63847702/r/il/8097fa/7612979578/il_fullxfull.7612979578_3x6d.jpg,https://i.etsystatic.com/63847702/r/il/8e6ca0/7660920105/il_fullxfull.7660920105_e2cd.jpg,https://i.etsystatic.com/63847702/r/il/72a7ce/7612980092/il_fullxfull.7612980092_jw7c.jpg,https://i.etsystatic.com/63847702/r/il/819ca5/7660922255/il_fullxfull.7660922255_n1oc.jpg,,,,,"Custom Property",Size,"7&quot;,10&quot;,13&quot;,15&quot;,17&quot;",,,,"26161184077157831444,30171750008354218628,23036232580264772499,22722613761116894266,29816224191235552063"
"Low Power Minimalist Tech T Shirt","Sometimes you do not need to say much.

This minimalist tech inspired t shirt features a small chest battery icon with the words Full Power Restored, designed for people who appreciate subtle humour and clean design rather than loud slogans. It is a quiet nod to tech culture, energy levels, and that moment when everything is finally back at one hundred percent.

Part of the growing Low Battery and Full Power series, this design works just as well for everyday wear as it does as a thoughtful gift for developers, IT professionals, gamers, engineers, or anyone who lives life one recharge at a time.

Printed small on the chest for a premium, understated look that feels intentional rather than novelty.

About the T Shirt
The Comfort Colors 1717 is known for its relaxed fit and soft, garment dyed finish. The heavyweight ring spun cotton gives it a worn in feel from day one while remaining durable enough for regular wear.

• Heavyweight 100 percent ring spun US cotton
• Garment dyed for a soft, lived in feel
• Relaxed unisex fit
• Pre shrunk fabric
• Durable double needle stitching
• No side seams for a clean silhouette

This is a tee you will reach for when you want comfort, subtle humour, and something that feels considered rather than disposable.

EU representative: HONSON VENTURES LIMITED, gpsr@honsonventures.com, 3, Gnaftis House flat 102, Limassol, Mesa Geitonia, 4003, CY
Product information: Comfort Colors® 1717, 2 year warranty in EU and Northern Ireland as per Directive 1999/44/EC
Warnings, Hazard: Made in Honduras
Care instructions: Machine wash: cold (max 30C or 90F), Do not bleach, Tumble dry: low heat, Iron, steam or dry: low heat, Do not dryclean",11.39,GBP,30969,,,https://i.etsystatic.com/63847702/r/il/337b6d/7946367349/il_fullxfull.7946367349_3ruv.jpg,https://i.etsystatic.com/63847702/r/il/7aad5c/7945894105/il_fullxfull.7945894105_52np.jpg,https://i.etsystatic.com/63847702/r/il/9af508/7897933620/il_fullxfull.7897933620_8cjj.jpg,https://i.etsystatic.com/63847702/r/il/1ca8b7/7897934566/il_fullxfull.7897934566_7s9k.jpg,https://i.etsystatic.com/63847702/r/il/f58855/7945895597/il_fullxfull.7945895597_2hdf.jpg,https://i.etsystatic.com/63847702/r/il/917115/7897935276/il_fullxfull.7897935276_i8um.jpg,https://i.etsystatic.com/63847702/r/il/a27300/7945896297/il_fullxfull.7945896297_kl0r.jpg,https://i.etsystatic.com/63847702/r/il/7175bf/7945896585/il_fullxfull.7945896585_mnxz.jpg,https://i.etsystatic.com/63847702/r/il/59981f/7945896837/il_fullxfull.7945896837_renh.jpg,,"Custom Property",Colors,"Dark Chocolate,Navy,Royal,Black,Military Green,Dark Heather","Custom Property",Sizes,"S,M,L,XL,2XL,3XL","18928427185113087574,13622645920311448333,13844409707973171093,15323053006645848488,17440317584841255585,unavailable_sku,11563548675568531091,14186930389136057217,20070326639228355150,17658484525412811146,24343379997046721699,17481161386451067757,14900312019530278675,33943125242272413005,18465480245191728625,25104828911733078584,18479746284430222498,31994690906539255888,26324257681577751153,19036330453807482439,24093391071179892657,31623925807689294259,26468863742091929108,27587994554147459512,22850827324554228445,86443168645260527892,13290268922428448355,82384804597586207578,21981999204227568853,29739427132046102440,21140734676132878875,51898449739109721473"
"Low Battery Full Power Coffee Mug","Some days start or finish in power saving mode.
Others need a full recharge.

This two sided ceramic mug features a playful battery indicator design, with Low Battery Power Saving Mode on one side and Full Power Restored on the other. It is a simple, relatable reminder of how most mornings actually begin.

Designed for tech lovers, tired professionals, gamers, students, and anyone who runs on coffee before running on motivation. Turn the mug one way when energy is low, flip it around once caffeine kicks in.

Product details
• Glossy ceramic mug with coloured handle and interior
• Available in 11oz and 15oz sizes
• Printed on both sides
• Comfortable C shaped handle
• Dishwasher and microwave safe

This mug makes a great gift for colleagues, developers, IT workers, students, or anyone who appreciates understated tech humour and clean design.
Part of the Low Battery series, created to feel subtle, familiar, and quietly funny rather than loud or novelty.

EU representative: HONSON VENTURES LIMITED, gpsr@honsonventures.com, 3, Gnaftis House flat 102, Limassol, Mesa Geitonia, 4003, CY
Product information: ORCA Coatings, 2 year warranty in EU and Northern Ireland as per Directive 1999/44/EC
Care instructions: Clean in dishwasher or wash by hand with warm water and dish soap",10.48,GBP,11988,"low_battery_mug,power_saving_mode,full_power_restored,tech_humor_mug,funny_coffee_mug,office_mug_gift,programmer_mug,tired_morning_mug,gamer_coffee_mug,minimalist_mug,work_from_home_mug,novelty_tech_mug,IT_support_gift",,https://i.etsystatic.com/63847702/r/il/0c9b18/7612810780/il_fullxfull.7612810780_95dz.jpg,https://i.etsystatic.com/63847702/r/il/b62b4c/7612809928/il_fullxfull.7612809928_ckll.jpg,https://i.etsystatic.com/63847702/r/il/fcbda6/7660745567/il_fullxfull.7660745567_8u9p.jpg,https://i.etsystatic.com/63847702/r/il/93128f/7612805110/il_fullxfull.7612805110_kxww.jpg,https://i.etsystatic.com/63847702/r/il/5e0da9/7612807440/il_fullxfull.7612807440_if6x.jpg,https://i.etsystatic.com/63847702/r/il/aa70f9/7660753073/il_fullxfull.7660753073_s2x5.jpg,https://i.etsystatic.com/63847702/r/il/b9a7f1/7660753913/il_fullxfull.7660753913_7uw2.jpg,https://i.etsystatic.com/63847702/r/il/b37874/7660754743/il_fullxfull.7660754743_iuqn.jpg,https://i.etsystatic.com/63847702/r/il/00bf10/7660757137/il_fullxfull.7660757137_9nzz.jpg,https://i.etsystatic.com/63847702/r/il/8dab93/7612817296/il_fullxfull.7612817296_1jzo.jpg,"Custom Property",Colors,"Black,Blue,Cambridge Blue,Golden Yellow,Green,Light Blue,Light Green,Maroon,Orange,Pink,Red,Yellow",,,,"67392188288137202885,15096242261349793703,26022236243026499665,16192876428992047920,37498844244881074561,17723016218004646009,19623770308053396781,60070638626979278384,51973721404511528630,50855031409450500429,13256217841898082933,87423176503805507929"
"Full Power Restored T Shirt Retro Tech Humor Tee","This “Full Power Restored” t shirt is the upbeat counterpart to the Low Battery design. Inspired by classic battery indicators and clean tech interfaces, it celebrates those rare moments when energy is back, motivation returns, and everything feels fully charged again.

The minimalist battery graphic keeps the design subtle and wearable, while the humour stays quietly relatable rather than loud. It works as a standalone statement or as a matching pair with the Low Battery version, making it a great gift idea for couples, friends, or anyone who runs between zero and one hundred.

Printed on the Gildan Softstyle 64000, this tee delivers lightweight comfort with a smooth finish that keeps text and graphics crisp over time.

Why you will like it
Clean retro tech humour with a positive twist
Minimal design that works with any outfit
Perfect gift for tech lovers, gamers, students, and office workers
Ideal match to the Low Battery Power Saving Mode tee

T shirt details
100 percent ring spun cotton for solid colours
Lightweight fabric suitable for everyday wear
Classic unisex fit with crew neckline
Tear away label for comfort
Ethically sourced and Oeko Tex certified
Part of a growing minimalist tech humour collection designed for people who understand batteries are not just about phones.

EU representative: HONSON VENTURES LIMITED, gpsr@honsonventures.com, 3, Gnaftis House flat 102, Limassol, Mesa Geitonia, 4003, CY
Product information: Comfort Colors® 1717, 2 year warranty in EU and Northern Ireland as per Directive 1999/44/EC
Warnings, Hazard: Made in Honduras
Care instructions: Machine wash: cold (max 30C or 90F), Do not bleach, Tumble dry: low heat, Iron, steam or dry: low heat, Do not dryclean",11.08,GBP,59940,"Low_power,low_battery_series,tech_humour_tee,small_chest_logo,developer_t_shirt,programmer_gift,gamer_t_shirt,it_humour_shirt,subtle_graphic_tee,geek_minimalist,energy_restored_tee,comfort_colors_shirt",,https://i.etsystatic.com/63847702/r/il/a367c6/7898969132/il_fullxfull.7898969132_dqub.jpg,https://i.etsystatic.com/63847702/r/il/db6b4f/7898971716/il_fullxfull.7898971716_8yxp.jpg,https://i.etsystatic.com/63847702/r/il/ea80ed/7946931965/il_fullxfull.7946931965_1gx1.jpg,https://i.etsystatic.com/63847702/r/il/41558f/7898973918/il_fullxfull.7898973918_koiw.jpg,https://i.etsystatic.com/63847702/r/il/159d52/7898974518/il_fullxfull.7898974518_p14c.jpg,https://i.etsystatic.com/63847702/r/il/5461b4/7946934013/il_fullxfull.7946934013_l3jn.jpg,https://i.etsystatic.com/63847702/r/il/48d09a/7946934475/il_fullxfull.7946934475_6zws.jpg,https://i.etsystatic.com/63847702/r/il/6949b4/7898976760/il_fullxfull.7898976760_bm5c.jpg,https://i.etsystatic.com/63847702/r/il/c668e2/7946935819/il_fullxfull.7946935819_klpl.jpg,,"Custom Property",Colors,"Navy,Royal,Sport Grey,White,Black,Forest Green,Military Green,Dark Heather,Dark Heather Grey","Custom Property",Sizes,"S,M,L,XL,2XL,3XL,4XL,5XL","23569574970200705212,24169869102705734716,14671534238048928508,16438079272818974095,15657082121463367031,19007354809628483098,14448294378681134599,46193844737015896890,17855423156623725797,14778047900323134967,24367907070461056873,32377174407585552645,12485308413596871645,15299425486248605924,21445055614885132333,30909778673259652386,34083609808197646816,22460091722267878649,31417953278675650545,30736624704453754183,unavailable_sku,15209272898815931832,64760775651502774746,23996418371346385787,23204448905363517263,14676577266919999110,16996534867307499411,17730893827487765646,33624599971901779251,20178103465370968303,15547058610970653001,79853072724864979202,22627667667779578077,20177712723581817008,17930847761321892682,52477704076001298617,15035815266300031790,21207259231315404027,30570491481489291476,21715726932461072918,12632081169070770650,52195980572649667323,22515691011296610830,67303447511364779483,30360572868243178984,14037017770438593953,19737004492636386998,22552128442105065875,27572904111885359200,13045044067215829249,53512982150745529438,58508990071955612169,54239891649958185804,76948457041973885224,29280697606181553115,27156495749205416514,18613195580821612179,72157054401349365250,74581754467012399458,81660447306079767717,23018935051110904486"
"Low Battery Power Saving Mode T Shirt Retro Tech Humor Tee","This “Low Battery – Power Saving Mode” t shirt is a clean, understated nod to modern life running on empty. Inspired by classic battery indicators and minimalist tech design, it is perfect for anyone who knows the feeling of low energy days, slow mornings, or living permanently in power saving mode.

The small, centred graphic keeps the look sharp and wearable. It works just as well as a subtle everyday tee as it does as a thoughtful gift for students, gamers, developers, office workers, or anyone whose social battery drains faster than their phone.

Printed on the Gildan Softstyle 64000, this tee offers a lightweight, comfortable fit with a smooth finish that holds crisp detail in both text and graphics. Easy to style, easy to wear, and easy to relate to.

Why you will like it

Clean retro tech inspired humour

Minimal graphic that does not overpower the outfit
Great gift idea for tired humans, introverts, and tech fans
Comfortable unisex fit for everyday wear
T shirt details
100 percent ring spun cotton for solid colours
Lightweight fabric suitable for year round wear
Classic crew neck with a modern unisex cut
Tear away label for comfort
Ethically sourced and Oeko Tex certified

This design also pairs well with hoodies, sweatshirts, mugs, notebooks, and laptop accessories, making it part of a growing minimalist tech humour collection.

EU representative: HONSON VENTURES LIMITED, gpsr@honsonventures.com, 3, Gnaftis House flat 102, Limassol, Mesa Geitonia, 4003, CY
Product information: Gildan 64000, 2 year warranty in EU and Northern Ireland as per Directive 1999/44/EC
Warnings, Hazard: For adults, Made in Bangladesh
Care instructions: Machine wash: cold (max 30C or 90F), with similar colors , Do not bleach, Tumble dry: low heat, Iron, steam or dry: low heat, Do not dryclean",11.39,GBP,54945,"low_battery_shirt,power_saving_mode,tech_humor_t_shirt,funny_tech_tee,introvert_shirt,tired_humor_shirt,geek_gift_idea,gamer_humor_tee,retro_tech_shirt,computer_humor,unisex_graphic_tee,funny_slogan_shirt,graphic_tee",,https://i.etsystatic.com/63847702/r/il/47b4ec/7898980160/il_fullxfull.7898980160_dd31.jpg,https://i.etsystatic.com/63847702/r/il/5a3a72/7946939233/il_fullxfull.7946939233_9rv9.jpg,https://i.etsystatic.com/63847702/r/il/02fc3e/7946939687/il_fullxfull.7946939687_azzx.jpg,https://i.etsystatic.com/63847702/r/il/b51b23/7946940173/il_fullxfull.7946940173_t48j.jpg,https://i.etsystatic.com/63847702/r/il/0b3ef9/7946940629/il_fullxfull.7946940629_28c3.jpg,https://i.etsystatic.com/63847702/r/il/c334dc/7946941067/il_fullxfull.7946941067_1ceq.jpg,https://i.etsystatic.com/63847702/r/il/7fd258/7946941475/il_fullxfull.7946941475_bf2p.jpg,https://i.etsystatic.com/63847702/r/il/8b284a/7946941865/il_fullxfull.7946941865_45oh.jpg,https://i.etsystatic.com/63847702/r/il/d104fd/7898983632/il_fullxfull.7898983632_j2hz.jpg,https://i.etsystatic.com/63847702/r/il/5b5ed7/7898984062/il_fullxfull.7898984062_n0hr.jpg,"Custom Property",Colors,"Dark Chocolate,Navy,Red,Royal,Sport Grey,White,Black,Military Green,Heather Navy,Dark Heather,Natural","Custom Property",Sizes,"S,M,L,XL,2XL,3XL","17173691115732901345,21875942311791791342,18335451737242862547,unavailable_sku,10753293105535287620,97384887090827651437,26360931065381402861,24475291445789370044,24387341453962600951,16794312655112384706,47630263610243372280,17616125146770753285,25129319504940737541,10731198972833003889,28953641604426727318,26179287900332407133,18360704238294034028,13482607373569304724,15189186281350472965,20785086186637074595,26314899956377192133,23249322729109745314,27791557381963915986,19317462264480683639,67207656330126377024,13120615828778355710,22697722728743256135,28967055785997731411,30024214724957563950,22180417065484781592,28098787062367586422,32232946107564915942,43294635631427440587,73019963541683207403,18037389064013695315,25374036948541031321,28562713695142262931,20543839610004446031,50446305339611919013,33962941481488518355,17216595482982709464,15340774782740987800,32263983593970229328,18885703591258631173,14637190757959833058,89921346518900639542,22157473444686866245,58644384594336087977,13070375074031657751,33529734737428127326,12036342658771595644,23107203070452288871,30991477113363464488,68690011789828837472,27988748121110188816,30755209839319521423,15209225017255243741,19050102087245724353,88883957435625909670"
"1.44MB Originals Retro Computer T Shirt Minimal Tech Nostalgia Unisex Jersey Tee","Some things never needed an update.

1.44MB Originals is a quiet nod to a time when technology was slower, simpler, and required a bit more patience. When saving your work mattered, hardware had weight, and a single floppy disk felt like enough.

This retro computer inspired t shirt features the 1.44MB Originals logo, created for those who remember beige desktops, manual installs, and the satisfying click of old hardware doing exactly what it was supposed to do. Minimal, understated, and deliberately calm, it is designed to be recognised rather than explained.

Printed on a classic unisex jersey tee, this shirt feels like a well loved favourite from the first wear. The lightweight, breathable cotton makes it ideal for everyday use, whether layered, worn casually, or used as a subtle statement for retro tech fans, developers, IT professionals, and anyone who appreciates old hardware culture.

This tee is the foundation piece of the 1.44MB Originals brand and is designed to carry forward across future products including sweatshirts, mugs, and accessories.

Product details
• Lightweight unisex jersey t shirt
• 100 percent combed and ring spun cotton
• Ribbed knit collar for shape retention
• Side seams for improved fit and durability
• Retail fit suitable for casual wear and layering
• Tear away label removed during fulfilment and replaced with a generic printed neck label

If you know what 1.44MB means, this shirt probably belongs in your collection.

EU representative: HONSON VENTURES LIMITED, gpsr@honsonventures.com, 3, Gnaftis House flat 102, Limassol, Mesa Geitonia, 4003, CY
Product information: Prime Essentials, 2 year warranty in EU and Northern Ireland as per Directive 1999/44/EC
Care instructions: Machine wash: cold (max 30C or 90F), Non-chlorine: bleach as needed, Tumble dry: low heat, Iron, steam or dry: low heat, Do not dryclean",11.08,GBP,39960,"retro_computer_shirt,tech_nostalgia_tee,floppy_disk_shirt,vintage_tech_top,retro_pc_clothing,old_computer_tee,minimal_tech_shirt,nerd_culture_top,it_professional_gift,developer_tshirt,retro_hardware,computer_nostalgia,geek_style_tee",,https://i.etsystatic.com/63847702/r/il/4a5ffe/7899049362/il_fullxfull.7899049362_d1y5.jpg,https://i.etsystatic.com/63847702/r/il/9cb108/7947010271/il_fullxfull.7947010271_fiv4.jpg,https://i.etsystatic.com/63847702/r/il/62f5f2/7947011949/il_fullxfull.7947011949_hp05.jpg,https://i.etsystatic.com/63847702/r/il/1bc0da/7947013425/il_fullxfull.7947013425_lsin.jpg,https://i.etsystatic.com/63847702/r/il/4be01a/7899055824/il_fullxfull.7899055824_tdv0.jpg,https://i.etsystatic.com/63847702/r/il/871001/7947014731/il_fullxfull.7947014731_c1sf.jpg,https://i.etsystatic.com/63847702/r/il/bdb196/7947015231/il_fullxfull.7947015231_lbme.jpg,https://i.etsystatic.com/63847702/r/il/f99885/7947015699/il_fullxfull.7947015699_ktz9.jpg,https://i.etsystatic.com/63847702/r/il/f16017/7899057970/il_fullxfull.7899057970_tens.jpg,https://i.etsystatic.com/63847702/r/il/543804/7947016971/il_fullxfull.7947016971_rgab.jpg,"Custom Property",Colors,"Navy,Sport Grey,White,Military Green,Dark Heather,Dark Heather Grey","Custom Property",Sizes,"S,M,L,XL,2XL,3XL,4XL","20998485307839254661,25865920033472153597,14826585889634876233,21794200382390773149,20306735541937412498,32128253211260122989,32080496559933301021,24310075624415971240,21125490526017491083,13053991316637153995,68455865991232021901,10990743301435892756,19265524488565455709,unavailable_sku,92336867932682470489,26783529511348360469,30856249342022138227,15887936375145191395,16054610674161523249,29058835948738102999,97318384637556635519,20921962005766646054,32468459078276696338,21140784100762735686,23774035412626462253,97901124430835005545,65151206209463064418,30201327738392523829,14746620442752036761,21094418984146244342,11815333955494620086,28698047359907918119,28782719200674021088,16119030555016998825,15132174005095415761,49235840805052005769,24288393951892184826,19821530046266572765,18499812729879791539,51272129192891851860,24920534161150023184"
"If I am Not Responding Try Turning Me Off and On Again Women Tech Humor T Shirt","Made to feel like a well-loved favorite, these tees come with a feminine fit that is as stylish as it is comfy. The ribbed knitting makes the collar highly elastic while the twill tape on the shoulder seams stabilizes the back of the shirt and prevents stretching.
.: 100% airlume combed and ringspun cotton (fiber content may vary for different colors)
.: Light fabric (4.2 oz/yd² (142 g/m²))
.: Slim fit with longer body length
.: Tear away label
.: Runs smaller than usual

EU representative: HONSON VENTURES LIMITED, gpsr@honsonventures.com, 3, Gnaftis House flat 102, Limassol, Mesa Geitonia, 4003, CY
Product information: Bella+Canvas 6004, 2 year warranty in EU and Northern Ireland as per Directive 1999/44/EC
Warnings, Hazard: For adults
Care instructions: Machine wash: warm (max 40C or 105F), Non-chlorine: bleach as needed, Tumble dry: low heat, Iron, steam or dry: medium heat, Do not dryclean",18.86,GBP,7992,"tech_humor_shirt,womens_tech_tee,sarcastic_t_shirt,funny_womens_tee,it_support_joke,programmer_humor,geek_humor_shirt,dry_humor_tee,tech_sarcasm,nerd_gift_women,funny_work_shirt,introvert_humor,minimal_text_tee",Cotton,https://i.etsystatic.com/63847702/r/il/35ab61/7899249646/il_fullxfull.7899249646_9qfr.jpg,https://i.etsystatic.com/63847702/r/il/9729a1/7899250020/il_fullxfull.7899250020_tu0s.jpg,https://i.etsystatic.com/63847702/r/il/8a82f7/7899250426/il_fullxfull.7899250426_p3ot.jpg,https://i.etsystatic.com/63847702/r/il/d79c06/7899250878/il_fullxfull.7899250878_1py1.jpg,https://i.etsystatic.com/63847702/r/il/27ebf0/7947209729/il_fullxfull.7947209729_q4w3.jpg,,,,,,"Custom Property",Sizes,"S,M,L,XL","Custom Property",Colors,"Black,Navy,Red","94879881243519173176,32512321028689097678,25699888093026019673,16634691865196885486,26998925213832590083,31174518634582139068,31045824983443674546,12583821259827625125,28874838455045828106,13467304104385533175,18653658901129732901,26072777419043836290"
"I Don't Need Advice Mug | Sarcastic Dry Humor Coffee Cup (15oz)","Some people ask for advice.
Others already tried that.

This dry humor black coffee mug features the understated phrase “I Don’t Need Advice. I Already Tried That.” Printed in clean white text on a glossy black ceramic mug, it delivers a quiet, confident joke that works perfectly at desks, kitchens, and coffee breaks.

With its generous 15oz size, this mug is ideal for morning caffeine boosts, long meetings, or anyone who prefers humour that does not need explaining. The minimalist design keeps the focus on the message, making it an easy everyday mug for work or home.

A great gift for colleagues, friends, or anyone who appreciates dry humour and subtle sarcasm.

• Black ceramic mug with glossy finish
• One size: 15oz (0.44 l)
• White printed design for strong contrast
• Comfortable C shaped easy grip handle
• Lead and BPA free
• Suitable for dishwasher use or hand washing

EU representative: HONSON VENTURES LIMITED, gpsr@honsonventures.com, 3, Gnaftis House flat 102, Limassol, Mesa Geitonia, 4003, CY
Product information: Generic brand, 2 year warranty in EU and Northern Ireland as per Directive 1999/44/EC
Warnings, Hazard: For adults
Care instructions: Clean in dishwasher or wash by hand with warm water and dish soap",12.99,GBP,999,"dry_humor_mug,sarcastic_mug,black_coffee_mug,office_humor_mug,funny_desk_mug,quiet_sarcasm,witty_saying_mug,gift_for_coworker,subtle_humor,modern_sarcasm,funny_coffee_cup,deadpan_humor_mug,minimalist_mug",,https://i.etsystatic.com/63847702/r/il/66b231/7731947402/il_fullxfull.7731947402_jq3w.jpg,https://i.etsystatic.com/63847702/r/il/0c4df6/7731949008/il_fullxfull.7731949008_mvq4.jpg,https://i.etsystatic.com/63847702/r/il/60ae0d/7731950548/il_fullxfull.7731950548_sl7f.jpg,https://i.etsystatic.com/63847702/r/il/b74689/7731952616/il_fullxfull.7731952616_1fqb.jpg,https://i.etsystatic.com/63847702/r/il/f64847/7731954002/il_fullxfull.7731954002_72i6.jpg,https://i.etsystatic.com/63847702/r/il/fb5428/7731955800/il_fullxfull.7731955800_bd6x.jpg,https://i.etsystatic.com/63847702/r/il/60f9de/7779907301/il_fullxfull.7779907301_51wm.jpg,https://i.etsystatic.com/63847702/r/il/2c4080/7779908323/il_fullxfull.7779908323_pdxs.jpg,https://i.etsystatic.com/63847702/r/il/4a7583/7779908835/il_fullxfull.7779908835_vhnt.jpg,,,,,,,,58736343103935617901
"I Don’t Need Advice T Shirt | Dry Humor Statement Tee | Minimalist Sarcastic Shirt | Funny Unisex Casual Top","Some people ask for advice.
Others already tried that.

This dry humor t shirt features the understated phrase “I Don’t Need Advice. I Already Tried That.” A quietly sarcastic statement for people who appreciate wit without exaggeration or noise. Perfect gift for the partner that knows everything.

The clean, text led design keeps the humour subtle and wearable, making it suitable for everyday casual wear, relaxed work environments, or as a thoughtful gift for someone with a sharp sense of humour.

Printed on the dependable Gildan 5000 Heavy Cotton Tee, this shirt offers a classic fit with durable construction, making it a reliable choice for long term wear.

Product details

• Unisex heavy cotton t shirt with classic fit
• Medium weight fabric for year round comfort
• Seamless body with no side seams
• Reinforced shoulders help maintain shape
• Tear away label for irritation free wear
• Designed for crisp, long lasting prints

Material
• 100 percent cotton
• Ethically grown and harvested US cotton
• Certified by Oeko Tex for safety and quality

Please note that the white colour variant may appear slightly off white due to fabric properties.
EU representative: HONSON VENTURES LIMITED, gpsr@honsonventures.com, 3, Gnaftis House flat 102, Limassol, Mesa Geitonia, 4003, CY

Product information: Gildan 5000, 2 year warranty in EU and Northern Ireland as per Directive 1999/44/EC
Warnings, Hazard: For adults, Made in Nicaragua
Care instructions: Machine wash: cold (max 30C or 90F), Non-chlorine: bleach as needed, Tumble dry: low heat, Do not iron, Do not dryclean",15.44,GBP,63936,"dry_humor_shirt,sarcastic_tshirt,minimalist_tee,funny_statement_tee,office_humor_shirt,deadpan_humor,witty_saying_shirt,quiet_sarcasm,gift_for_coworker,casual_humor_tee,modern_sarcasm,subtle_humor_tee,unisex_funny_tee",Cotton,https://i.etsystatic.com/63847702/r/il/17c385/7581188430/il_fullxfull.7581188430_2thc.jpg,https://i.etsystatic.com/63847702/r/il/4118d8/7581130660/il_fullxfull.7581130660_qrje.jpg,https://i.etsystatic.com/63847702/r/il/90af67/7581132054/il_fullxfull.7581132054_npq5.jpg,https://i.etsystatic.com/63847702/r/il/50c79c/7581133830/il_fullxfull.7581133830_6c4j.jpg,https://i.etsystatic.com/63847702/r/il/80aa8d/7581136350/il_fullxfull.7581136350_ogap.jpg,https://i.etsystatic.com/63847702/r/il/e158e6/7629085473/il_fullxfull.7629085473_f9e8.jpg,https://i.etsystatic.com/63847702/r/il/d88750/7629087053/il_fullxfull.7629087053_scah.jpg,https://i.etsystatic.com/63847702/r/il/ff0376/7629088255/il_fullxfull.7629088255_gb8z.jpg,https://i.etsystatic.com/63847702/r/il/0aab9a/7581143064/il_fullxfull.7581143064_duc4.jpg,https://i.etsystatic.com/63847702/r/il/446735/7629090615/il_fullxfull.7629090615_cy8n.jpg,"Custom Property",Colors,"Dark Chocolate,Navy,Royal,White,Black,Cardinal Red,Forest Green,Military Green","Custom Property",Sizes,"S,M,L,XL,2XL,3XL,4XL,5XL","13633029825736399367,12039652943397407297,13850987610180254805,20362155352907491184,14470810188584873216,45886358177760194983,14796064052450970247,12299769086736908824,56558610310895230731,29965033015795306965,13196110630057799637,14458580591960767928,24354984551659861770,78307886859482933818,11148362047053967439,15667765974237458843,24009986395393705833,13389081428566862631,43831566539085221099,11408512987792207868,29639912880127241960,42778349585676332578,51009028925446890524,26657598029071477711,75262193340448143645,31800869251375982204,16629397914631744968,16005949335137339229,32000706753080883233,13153931181248525798,29437016147291960680,96791743126099492179,11419397580334060975,33587361178744102994,25232118911920008835,24713392610693268031,12172900222218914020,30660610975368055041,12652255222597239584,27175114156420943170,28962382666741379917,13882963261098730081,13333210914493352655,33274312613071349114,84442931426644721261,25984157129143601486,34294557706458246040,33452484298476737509,19885688965121793277,24932473123593807870,65670241486382691742,11194107815763310140,24253331838945309050,10344134129815456168,51955137546376201506,28098915962813145860,18119477726829092246,15906558008191521293,31453482484037455363,13634235343804596268,13038653053997586596,22121294915226371420,28060877576042444220,71720379621951230361"
"Thought I Was Wrong Once Sweatshirt | Dry Humor Crewneck | Sarcastic Minimalist Sweater | Funny Statement Unisex Gift","Sometimes you are convinced you are wrong.
Then you realise you were simply mistaken.

This dry humor sweatshirt features the understated line “Thought I was wrong once. It turns out I was mistaken.” A classic piece of deadpan humour for people who prefer wit without noise.

Minimal and text led, this design lets the joke speak for itself. It is easy to wear, quietly confident, and perfect for everyday use, whether at work, at home, or out and about.

Printed on a comfortable unisex crewneck sweatshirt, it offers warmth without bulk and a relaxed fit that works across seasons. A great gift for anyone who enjoys dry humour, sarcasm, and minimalist design.

Product details

• Unisex heavy blend crewneck sweatshirt
• Medium heavy fabric for warmth and durability
• Classic fit with ribbed collar and cuffs
• Smooth surface for crisp, long lasting print
• Double needle stitching for everyday wear
• Tear away label for comfort
• Ethically sourced cotton
• OEKO TEX certified dyes

Please note that white may appear slightly off white due to fabric properties.

EU representative: HONSON VENTURES LIMITED, gpsr@honsonventures.com, 3, Gnaftis House flat 102, Limassol, Mesa Geitonia, 4003, CY
Product information: Comfort Colors® 1566, 2 year warranty in EU and Northern Ireland as per Directive 1999/44/EC
Warnings, Hazard: For adults, Blank product sourced from Honduras or El Salvador
Care instructions: Machine wash: cold (max 30C or 90F), Non-chlorine: bleach as needed, Tumble dry: low heat, Do not iron, Do not dryclean",45,GBP,47952,"thought_i_was_wrong,dry_humor_sweatshirt,deadpan_humor,sarcastic_sweater,funny_crewneck,minimalist_humor,witty_statement,office_humor_gift,quiet_sarcasm,unisex_sweatshirt","Cotton,Polyester",https://i.etsystatic.com/63847702/r/il/84ac98/7960977079/il_fullxfull.7960977079_3p3p.jpg,https://i.etsystatic.com/63847702/r/il/599e41/7960977775/il_fullxfull.7960977775_2l7u.jpg,https://i.etsystatic.com/63847702/r/il/e3798c/7913023766/il_fullxfull.7913023766_mno2.jpg,https://i.etsystatic.com/63847702/r/il/f280c7/7960979209/il_fullxfull.7960979209_7mj7.jpg,https://i.etsystatic.com/63847702/r/il/470ce8/7913025176/il_fullxfull.7913025176_4m49.jpg,https://i.etsystatic.com/63847702/r/il/6d15cc/7913025838/il_fullxfull.7913025838_ofcy.jpg,https://i.etsystatic.com/63847702/r/il/470fec/7913026696/il_fullxfull.7913026696_dh0s.jpg,https://i.etsystatic.com/63847702/r/il/54a07a/7913027628/il_fullxfull.7913027628_k0zo.jpg,,,"Custom Property",Colors,"Blue Jean,Blue Spruce,Butter,Chalky Mint,Grey,Light Green,White,Terracotta","Custom Property",Sizes,"S,M,L,XL,2XL,3XL","29085614445124563515,21880568296829194356,32627735766809637465,85152231672614123973,32789601373978977576,11668060881098683632,28514716769029884285,23344392714315374903,23227593938846240642,10156220534832550170,86461643120313579195,72279679032222773331,42826270950654467857,30883903246897035027,12001560990560348926,68111538529293685687,27354927073854819234,15808244650538342948,59901795164078304367,11809928273376296592,12803899496728671396,12850062623195872880,20774358012008710993,19617743433493185648,27968744802582773569,58477520759416158828,32367742792860658899,19044046660205019443,11053609136271792013,27896152271866214611,17466738847388312014,23733926875246817259,14684801930312801782,49284413365797849827,17150169338866481378,77581199890802415016,37168946283512329492,61013396858727132307,32752284602117595245,22423852505563705058,33775346019736723862,59785553898387587537,38736006609111880628,11241622200661055264,13930651615674830270,88893062580174362570,11814189306543794332,80907354909859856241"
"Thought I Was Wrong Once – Mug | Sarcastic Dry Humor Coffee Cup","This mug is for those moments when confidence and reality gently disagree.

Featuring the dry humour line “Thought I was wrong once. It turns out I was mistaken.”, this minimalist coffee mug delivers the joke without fuss. Ideal for desks, kitchens, and anyone who enjoys humour that makes people pause before smiling.

A great gift for colleagues, friends, or anyone who prefers wit over noise.

EU representative: HONSON VENTURES LIMITED, gpsr@honsonventures.com, 3, Gnaftis House flat 102, Limassol, Mesa Geitonia, 4003, CY
Product information: Generic brand, 2 year warranty in EU and Northern Ireland as per Directive 1999/44/EC
Care instructions: Clean in dishwasher or wash by hand with warm water and dish soap",7.42,GBP,999,"thought_i_was_wrong,dry_humor,deadpan_humor,sarcastic_gift,funny_statement,minimalist_humor,witty_saying,office_humor_tee,office_humor_mug,quiet_sarcasm,funny_unisex_tee",,https://i.etsystatic.com/63847702/r/il/f06d6d/7779852353/il_fullxfull.7779852353_20m9.jpg,https://i.etsystatic.com/63847702/r/il/93d007/7731902954/il_fullxfull.7731902954_lhpj.jpg,https://i.etsystatic.com/63847702/r/il/b0784b/7779853477/il_fullxfull.7779853477_ctoi.jpg,https://i.etsystatic.com/63847702/r/il/e25d8c/7779853831/il_fullxfull.7779853831_3zof.jpg,https://i.etsystatic.com/63847702/r/il/0a25d7/7779854339/il_fullxfull.7779854339_1vcl.jpg,,,,,,,,,,,,18396737660679600657
"Thought I Was Wrong Once T Shirt | Dry Humor Tee | Sarcastic Minimalist Shirt | Funny Statement Unisex Tee","T Shirt – Description

Sometimes you are certain you are wrong.
Then you realise you were just mistaken.

This dry humour t shirt features the understated phrase “Thought I was wrong once. It turns out I was mistaken.” A classic piece of deadpan humour for people who appreciate wit without shouting.

Minimal, clean, and easy to wear, this tee works just as well for everyday casual wear as it does as a gift for someone who enjoys sarcasm served quietly.

Perfect for fans of dry humour, minimalist design, and confident understatement.

EU representative: HONSON VENTURES LIMITED, gpsr@honsonventures.com, 3, Gnaftis House flat 102, Limassol, Mesa Geitonia, 4003, CY
Product information: Gildan 64000, 2 year warranty in EU and Northern Ireland as per Directive 1999/44/EC
Warnings, Hazard: For adults, Made in Bangladesh
Care instructions: Machine wash: cold (max 30C or 90F), with similar colors , Do not bleach, Tumble dry: low heat, Iron, steam or dry: low heat, Do not dryclean",18.42,GBP,41958,,,https://i.etsystatic.com/63847702/r/il/24967b/7581043510/il_fullxfull.7581043510_fg26.jpg,https://i.etsystatic.com/63847702/r/il/be0dc2/7628949865/il_fullxfull.7628949865_ggct.jpg,https://i.etsystatic.com/63847702/r/il/9fa47d/7581003684/il_fullxfull.7581003684_16rw.jpg,https://i.etsystatic.com/63847702/r/il/63a457/7581004552/il_fullxfull.7581004552_buvu.jpg,https://i.etsystatic.com/63847702/r/il/1f8051/7581005712/il_fullxfull.7581005712_p93s.jpg,https://i.etsystatic.com/63847702/r/il/0c69f2/7628954179/il_fullxfull.7628954179_nb32.jpg,https://i.etsystatic.com/63847702/r/il/006421/7628956913/il_fullxfull.7628956913_dh36.jpg,https://i.etsystatic.com/63847702/r/il/b80988/7628960703/il_fullxfull.7628960703_l4sl.jpg,https://i.etsystatic.com/63847702/r/il/6024df/7628962395/il_fullxfull.7628962395_clwz.jpg,https://i.etsystatic.com/63847702/r/il/94c3a9/7628964175/il_fullxfull.7628964175_5y5f.jpg,"Custom Property",Colors,"Light Blue,Sport Grey,White,Cornsilk,Natural,Ice Grey,Tropical Blue","Custom Property",Sizes,"S,M,L,XL,2XL,3XL","27129988242323905965,22440011249662462069,43996998201018311399,15853887036516623555,12790145116565091898,12567228390210389012,32195738819559753606,96483872145193659929,14634449905796354481,14146989709591926694,62290290486916054514,15562951932653114140,27190197768774587822,22976165780214116332,45192956867321171064,72989482967087565378,15928276600884655578,22635683628909969830,11289824203584506839,86144992934912626937,43073436387665815040,27050996291340391892,18909612343705764500,18606894254686304520,59320601515666712970,67233192472286197000,24058749381587749189,11197850852046303470,15054760210684592262,67018244540330649448,15605837372388349040,49666698631777460490,58125074862415271586,12421340893634219289,47433766829348897002,15971497419056705944,23536798011498637523,26830997949712270096,32690031993460621269,32976160980605200040,53314461011783150635,19360872874653072423"
"Unisex Heavy Cotton Tee - Born on the 70s Humor","The Gildan 5000 heavy cotton tee is a dependable classic made for everyday wear and custom printing. Its 100% cotton fabric is tightly knit to give designs sharper detail and long-lasting color. The seamless body eliminates side seams for a smoother fit, while reinforced shoulders keep the shirt in shape through repeated washes. Durable, comfortable, and print-friendly, the Gildan 5000 is a trusted staple for personalized apparel.

Disclaimer:
- Due to the fabric properties, the White color variant may appear off-white rather than bright white.
.: The Gildan 5000 is made with medium fabric (5.3 oz/yd² / 180 g/m²) consisting of 100% cotton, offering year-round comfort with lasting durability.
.: The classic fit of this shirt ensures a comfy, relaxed wear while the crew neckline adds that neat, timeless look that can blend into any occasion, casual or semi-formal.
.: The tear-away label means a scratch-free experience with no irritation or discomfort whatsoever.
.: Made using 100% US cotton that is ethically grown and harvested. Gildan is also a proud member of the US Cotton Trust Protocol ensuring ethical and sustainable means of production. This blank tee is certified by Oeko-Tex for safety and quality assurance.

EU representative: HONSON VENTURES LIMITED, gpsr@honsonventures.com, 3, Gnaftis House flat 102, Limassol, Mesa Geitonia, 4003, CY
Product information: Gildan 5000, 2 year warranty in EU and Northern Ireland as per Directive 1999/44/EC
Warnings, Hazard: For adults, Made in Nicaragua
Care instructions: Machine wash: cold (max 30C or 90F), Non-chlorine: bleach as needed, Tumble dry: low heat, Do not iron, Do not dryclean",11.39,GBP,20979,,,https://i.etsystatic.com/63847702/r/il/c29fdb/7947116389/il_fullxfull.7947116389_5o81.jpg,https://i.etsystatic.com/63847702/r/il/b0f02f/7947116789/il_fullxfull.7947116789_6z0m.jpg,https://i.etsystatic.com/63847702/r/il/3a54a7/7899159452/il_fullxfull.7899159452_7yr1.jpg,https://i.etsystatic.com/63847702/r/il/2787aa/7947117619/il_fullxfull.7947117619_83c8.jpg,https://i.etsystatic.com/63847702/r/il/24aae7/7947117983/il_fullxfull.7947117983_fyww.jpg,https://i.etsystatic.com/63847702/r/il/dbf52b/7947118477/il_fullxfull.7947118477_oqzo.jpg,https://i.etsystatic.com/63847702/r/il/ef7132/7947118867/il_fullxfull.7947118867_14bo.jpg,,,,"Custom Property",Colors,"Sport Grey,White,Military Green","Custom Property",Sizes,"S,M,L,XL,2XL,3XL,4XL","32026541218573394387,27020313609149545154,22930540612550169159,10087606890606140128,30292965492499696085,83859140841954152866,32106089612097159563,13283592231243043798,29372711443574558705,16375812754856797267,31717757896524336200,33566971312246573203,30723670480756131401,27007693243651759388,17103661223075103571,21186442842493918182,28463949417345236851,13396185786854693475,27744535229390668669,27039645604757306359,16579560010183328164"
"Unisex Softstyle T-Shirt -Born in the 80s","The Gildan Softstyle® 64000 redefines casual comfort with a modern unisex cut and ultra-soft materials. Solid colors are 100% cotton, while heathers and sport grey use polyester blends for added durability. Shoulders are reinforced with twill tape, there are no side seams for a smoother fit, and the ribbed-knit collar helps prevent curling. Whether for printing or everyday wear, the Gildan 64000 stands out as a dependable wardrobe staple.

Disclaimer:
- Due to the fabric properties, the White color variant may appear off-white rather than bright white.
Born in the 80s – Not Easily Offended – No Algorithm Involved

Some of us grew up without notifications, filters, or algorithms deciding what we should think. This tee is a light hearted nod to growing up in the 1980s, before social media, outrage cycles, and automated opinions.

Designed for those who appreciate dry humour, straight talking, and a bit of perspective. It is not political, not aggressive, just quietly sarcastic.

Perfect for everyday wear, casual weekends, or as a gift for anyone who remembers life before smartphones and takes modern life with a sense of humour.

Product details

This unisex tee is made using the Gildan Softstyle® 64000, known for its soft feel, clean fit, and reliable quality.

• Lightweight and breathable for year round comfort
• Classic unisex fit with crew neckline
• No side seams for a smooth, comfortable wear
• Ribbed knit collar helps maintain shape
• Tear away label for irritation free comfort

Material
• Solid colours are 100% ring spun cotton
• Heather colours are cotton and polyester blends
• Ethically sourced US cotton
• Oeko Tex certified for safety and quality

Please note that the white colour variant may appear slightly off white due to fabric characteristics.

EU representative: HONSON VENTURES LIMITED, gpsr@honsonventures.com, 3, Gnaftis House flat 102, Limassol, Mesa Geitonia, 4003, CY
Product information: Gildan 64000, 2 year warranty in EU and Northern Ireland as per Directive 1999/44/EC
Warnings, Hazard: For adults, Made in Bangladesh
Care instructions: Machine wash: cold (max 30C or 90F), with similar colors , Do not bleach, Tumble dry: low heat, Iron, steam or dry: low heat, Do not dryclean",11.39,GBP,27972,"born_in_the_80s,80s_generation,gen_x_humor,retro_humor_tee,sarcastic_tshirt,nostalgia_shirt,anti_algorithm,tech_humor_tee,funny_unisex_tee,gen_x_gift,old_school_humor,retro_attitude,pre_internet_life",,https://i.etsystatic.com/63847702/r/il/7b9e39/7899077190/il_fullxfull.7899077190_tp3w.jpg,https://i.etsystatic.com/63847702/r/il/aecb64/7899077650/il_fullxfull.7899077650_g8f3.jpg,https://i.etsystatic.com/63847702/r/il/05a855/7947036791/il_fullxfull.7947036791_sxmh.jpg,https://i.etsystatic.com/63847702/r/il/129e6a/7899078490/il_fullxfull.7899078490_je1u.jpg,https://i.etsystatic.com/63847702/r/il/66efaa/7947048489/il_fullxfull.7947048489_1mgq.jpg,https://i.etsystatic.com/63847702/r/il/fe0b4e/7947051121/il_fullxfull.7947051121_qzfh.jpg,https://i.etsystatic.com/63847702/r/il/0b8479/7947054637/il_fullxfull.7947054637_7219.jpg,https://i.etsystatic.com/63847702/r/il/ec1185/7947055135/il_fullxfull.7947055135_95pc.jpg,https://i.etsystatic.com/63847702/r/il/1cbbef/7899097398/il_fullxfull.7899097398_5ow8.jpg,,"Custom Property",Colors,"Irish Green,Royal,Sport Grey,White,Natural","Custom Property",Sizes,"S,M,L,XL,2XL,3XL","11833929916697608866,20872785220754421875,21522569331879709010,25922076767953397592,24941873841825349025,91042524104617491078,33539806297728585437,32066138343823108083,23766807821655430219,12308849644733809615,33235762277273955508,21686155394435043965,23714768004501782412,23012014991583662969,31781531342972606236,29469587726965282815,60798686536535918615,19372457521496823480,15329236750959457534,20030236515823525482,unavailable_sku,51002834503650455823,14651648465233323020,29209117184700982471,60563422645592698369,89885707626620513971,75884234268392428350,29513204687248895644,27634200599216650833"
"Fishing Keeps Me Out of Trouble Mostly Hoodie | Funny Angler Hoodie | Fishing Humor Sweatshirt | Gift for Fishermen | Casual Outdoor Wear","Fishing keeps me out of trouble.
Mostly.

This understated fishing hoodie is made for anglers who know the truth. Long hours by the water, plenty of patience, and just enough mischief to keep life interesting. The simple line art fish and deadpan text give this design a relaxed, knowing humour that works just as well on the bank as it does off it.

Designed to be worn rather than shouted, this hoodie suits early mornings, cold weather sessions, winter prep, or everyday casual wear. It is comfortable, durable, and easy to layer, making it a reliable choice for anglers who fish year round.

A great gift for fishermen, anglers, fly fishers, coarse anglers, sea anglers, and anyone who would rather be fishing than explaining themselves.

Product details

• Unisex hoodie with classic relaxed fit
• Medium heavy fabric for warmth and durability
• Soft feel interior with smooth print surface
• Double needle stitching for long lasting wear
• Comfortable drawstring hood and front pocket
• Tear away label for added comfort
• Ethically sourced materials
• OEKO TEX certified dyes

Please note: White may appear slightly off white due to fabric properties.

EU representative: HONSON VENTURES LIMITED, gpsr@honsonventures.com, 3, Gnaftis House flat 102, Limassol, Mesa Geitonia, 4003, CY
Product information: Gildan SF500, 2 year warranty in EU and Northern Ireland as per Directive 1999/44/EC
Care instructions: Machine wash: cold (max 30C or 90F), gentle cycle, Non-chlorine: bleach as needed, Tumble dry: low heat, Iron, steam or dry: low heat, Do not dryclean",47.06,GBP,72927,"Fishing_hoodie,Angler_hoodie,Fishing_humor,Funny_fishing,Fisherman_gift,Fishing_life,Outdoor_humor,Fishing_quote,Angler_gift,Fishing_wear,Winter_fishing,Fishing_joke,Casual_hoodie","Cotton,Polyester",https://i.etsystatic.com/63847702/r/il/758e1e/7577873236/il_fullxfull.7577873236_4uox.jpg,https://i.etsystatic.com/63847702/r/il/d71394/7625772711/il_fullxfull.7625772711_b2an.jpg,https://i.etsystatic.com/63847702/r/il/55f88f/7577870000/il_fullxfull.7577870000_rj8h.jpg,https://i.etsystatic.com/63847702/r/il/79fac8/7625777769/il_fullxfull.7625777769_3iyb.jpg,https://i.etsystatic.com/63847702/r/il/47a64b/7625818913/il_fullxfull.7625818913_flhf.jpg,https://i.etsystatic.com/63847702/r/il/a112b6/7577877344/il_fullxfull.7577877344_d263.jpg,https://i.etsystatic.com/63847702/r/il/09622a/7625824939/il_fullxfull.7625824939_53o8.jpg,https://i.etsystatic.com/63847702/r/il/136eed/7625827571/il_fullxfull.7625827571_llt6.jpg,https://i.etsystatic.com/63847702/r/il/68c958/7577885314/il_fullxfull.7577885314_n9p8.jpg,https://i.etsystatic.com/63847702/r/il/83d6a5/7577887250/il_fullxfull.7577887250_j1eg.jpg,"Custom Property",Colors,"Pistachio,Sand,White,Sport Grey,Yellow Haze,Light Pink,Cement,Ash,Carolina Blue,Sage","Custom Property",Sizes,"S,M,L,XL,2XL,3XL,4XL,5XL","14878613347424231779,84961653120842419732,28177673049316942541,12382581026608513356,15848021847130204819,unavailable_sku,20716994016317755608,22792908382991236074,66720893324023902511,28984288793793460167,29538930805674740147,54423944899481452180,24810415395238287431,97890370885228347929,10455643982707085710,47482343518809683804,52906541853532357554,30782365831466233121,34934556282362796784,11418120673869818179,32146146643612001171,82711581482471281229,27876715035234814368,89592153156779156187,25146587192904216508,96697744046212898086,97216160565085967419,52397699120721060610,11034697425228742158,18469650521014419722,19708221864626869044,32893511678248095125,13975191990041659396,29869180248024046772,28674697095070899166,14121272783957334904,24064442369618773092,28094174137514208760,10031291137674355032,21928186821143042991,25059536347835737150,23312058384372665204,95035812074308909002,25396286375676618039,20870949223610930597,25657717659611559353,16987302855369487814,10189631472434853259,18950181940974283460,12187912149310357938,25480427299632531521,10371703362284543936,20836249589233003519,26290828902526274008,17357646602724130886,24219159823542340771,82366739320486131287,19184864017740135763,12786510168959129896,11234597379392017347,19679735167917097731,20416792524128064879,10395418245246268921,33703914629169322560,25983160423714234702,21052215983197898120,49873417002563767375,14602822662423040910,16661755681205306192,12455618392342072907,68765797240935419231,23638838027927925805,25171152189303473852,28958144641685062493"
"Fishing Keeps Me Out of Trouble Mostly T-Shirt | Angler Humor Tee","This funny fishing t shirt is for anyone who knows that fishing is less about catching fish and more about staying out of trouble. Mostly.

Featuring the simple, understated line “Fishing keeps me out of trouble. Mostly.” with a clean fish-on-the-line graphic, this design leans into dry angler humour without being loud or gimmicky. It is the kind of shirt that fellow anglers notice and non anglers slowly understand.

Printed on a soft, lightweight unisex tee, it is comfortable enough for long days by the water, weekend trips, or everyday wear when you would rather be fishing.

A great gift for anglers, fishermen, fishing dads, and anyone who escapes life one cast at a time.

Product details

• Unisex Softstyle t shirt with classic fit
• Lightweight and breathable fabric
• Soft feel suitable for year round wear
• Ribbed crew neckline that holds shape
• Tear away label for comfort
• Ethically sourced cotton
• Oeko Tex certified for safety and quality

Fabric blends vary by colour.

EU representative: HONSON VENTURES LIMITED, gpsr@honsonventures.com, 3, Gnaftis House flat 102, Limassol, Mesa Geitonia, 4003, CY
Product information: Gildan 64000, 2 year warranty in EU and Northern Ireland as per Directive 1999/44/EC
Warnings, Hazard: For adults, Made in Bangladesh
Care instructions: Machine wash: cold (max 30C or 90F), with similar colors , Do not bleach, Tumble dry: low heat, Iron, steam or dry: low heat, Do not dryclean",11.39,GBP,20979,"fishing_t-shirt,angler_tee,fishing_humor,funny_fishing,fisherman_tee,angling_life,dad_fishing_tee,lake_life_shirt,outdoor_humor,weekend_angler,fishing_gift",,https://i.etsystatic.com/63847702/r/il/42db31/7947018905/il_fullxfull.7947018905_bk05.jpg,https://i.etsystatic.com/63847702/r/il/742df7/7899060992/il_fullxfull.7899060992_3mbb.jpg,https://i.etsystatic.com/63847702/r/il/2b1466/7899061656/il_fullxfull.7899061656_9rws.jpg,https://i.etsystatic.com/63847702/r/il/53c116/7947020583/il_fullxfull.7947020583_3k0z.jpg,https://i.etsystatic.com/63847702/r/il/df0e7f/7899062998/il_fullxfull.7899062998_fvek.jpg,https://i.etsystatic.com/63847702/r/il/2b3411/7899063472/il_fullxfull.7899063472_gcpc.jpg,https://i.etsystatic.com/63847702/r/il/96b56e/7899063986/il_fullxfull.7899063986_6yym.jpg,https://i.etsystatic.com/63847702/r/il/f37a3b/7899064482/il_fullxfull.7899064482_l97s.jpg,,,"Custom Property",Colors,"Sport Grey,White,Military Green,Natural","Custom Property",Sizes,"S,M,L,XL,2XL,3XL","20805203341201590781,33242364096422490003,18825947227542316648,28531091875560234779,18759615977802728231,82299711197009139111,11906142242542799139,unavailable_sku,75424787674563265531,31508483883436046736,50753194240089840171,20849377043790025399,13326552996623274209,85485649559724396077,18653271490014509801,29843434729450215982,26405035126956669835,89828030853979820414,22707497992441650338,35861729342814617149,59414239673472409876,27757298017974066153"
"Unisex Heavy Blend™ Crewneck Sweatshirt","The Gildan 18000 sweatshirt is a unisex heavy blend crewneck made from a 50/50 cotton-polyester fabric, combining softness with lasting durability. Its smooth surface supports crisp, vibrant prints and embroidery, while the ribbed-knit collar and reinforced cuffs help it keep its shape over time. A seamless body design reduces irritation and adds to overall comfort. Practical, sturdy, and print-friendly, the Gildan 18000 sweatshirt remains a top choice for custom apparel.

 Disclaimers:- Due to the fabric properties, the White color variant may appear off-white rather than bright white.
- Subtle orange hue shifts with lighting in the Orange color variant.
.: The Gildan 18000 sweatshirt is built for comfort and durability, made from a medium-heavy (8.0 oz/yd² (271 g/m²)) 50/50 cotton-polyester blend. 
.: The classic fit along with the crew neckline deliver a comfy wearing experience with a clean-cut style. Meanwhile, the double-needle stitching at the shoulder, armhole, neck, waistband, and cuff seams add top-tier durability. 
.: Say goodbye to itchiness thanks to the gray, pearlized tear-away label. 
.: The Gildan 18000 sweatshirt is crafted from ethically grown US cotton and backed by the US Cotton Trust Protocol, with OEKO-TEX certified dyes that meet safety and environmental standards. 
.: Fabric blends: Heather Sport colors - 60% polyester, 40% cotton
.: Embroidery decoration method available on either left chest, center chest, or large center chest, as well as right + left wrists

EU representative: HONSON VENTURES LIMITED, gpsr@honsonventures.com, 3, Gnaftis House flat 102, Limassol, Mesa Geitonia, 4003, CY
Product information: Gildan 18000, 2 year warranty in EU and Northern Ireland as per Directive 1999/44/EC
Warnings, Hazard: Made in Nicaragua, For adults
Care instructions: Machine wash: cold (max 30C or 90F), Non-chlorine: bleach as needed, Tumble dry: low heat, Do not iron, Do not dryclean",25.34,GBP,23976,"fishing_sweatshirt,angler_sweatshirt,fishing_humor,funny_fishing,fisherman_gift,angling_life,dad_fishing_gift,outdoor_humor,lake_life_wear,weekend_angler","Cotton,Polyester",https://i.etsystatic.com/63847702/r/il/487318/7899286780/il_fullxfull.7899286780_75mb.jpg,https://i.etsystatic.com/63847702/r/il/18e40e/7947245991/il_fullxfull.7947245991_mdt6.jpg,https://i.etsystatic.com/63847702/r/il/48bf38/7947246471/il_fullxfull.7947246471_5qu2.jpg,https://i.etsystatic.com/63847702/r/il/c23f59/7947247175/il_fullxfull.7947247175_es9h.jpg,https://i.etsystatic.com/63847702/r/il/d43668/7947247619/il_fullxfull.7947247619_ld4s.jpg,https://i.etsystatic.com/63847702/r/il/5710d5/7899289538/il_fullxfull.7899289538_jb9p.jpg,https://i.etsystatic.com/63847702/r/il/e8f396/7899290200/il_fullxfull.7899290200_hwb2.jpg,,,,"Custom Property",Sizes,"S,M,L,XL,2XL,3XL","Custom Property",Colors,"Red,Sand,Sport Grey,White","17680097728685280913,62130753452734792477,25923301640269980716,97337131104215403591,15630411387764218763,15983677419084399934,12468435223946036615,11473992585712939602,26957310089463614204,13487910878233979345,76346017715267481750,20481253500570599933,14114845175587028509,16360009785758483573,28304054198017280526,24971898550245976282,42501570159825897109,12477071904320530352,28962826096657574961,28044751555662410905,32952893526764948163,47407751506024745805,16197605357440975596,16829619233971095096"
"Funny Fishing Mug | Angler Humor Gift","Start the day the angler way with this funny fishing-themed accent coffee mug. Featuring the understated line “Fishing keeps me out of trouble. Mostly.” with a simple fish-on-the-line illustration, this mug is perfect for anyone who knows that fishing is as much about escape as it is about the catch.

The coloured handle and interior add a subtle pop of contrast, while the glossy white ceramic keeps the design crisp and easy to read. Whether it’s coffee before an early morning cast or tea after a long day on the water, this mug is built for everyday use.

An ideal gift for anglers, fishermen, fishing dads, weekend fishers, or anyone who would rather be lakeside than anywhere else.

Product details

• White ceramic mug with coloured handle and interior
• Available in 11oz and 15oz sizes
• Glossy finish with eye-catching contrast
• Comfortable C-shaped handle
• Lead and BPA-free
• Suitable for coffee, tea, or hot chocolate

EU representative: HONSON VENTURES LIMITED, gpsr@honsonventures.com, 3, Gnaftis House flat 102, Limassol, Mesa Geitonia, 4003, CY
Product information: Generic brand, 2 year warranty in EU and Northern Ireland as per Directive 1999/44/EC
Warnings, Hazard: Blank product sourced from China
Care instructions: Clean in dishwasher or wash by hand with warm water and dish soap",9.14,GBP,7992,"fishing_mug,angler_gift,fishing_humor,funny_fishing,fisherman_mug,angling_life,fish_lover,gift_dad,lake_life,mug_outdoor,weekend_angler,husband_gift",,https://i.etsystatic.com/63847702/r/il/8b375c/7625250919/il_fullxfull.7625250919_bkhi.jpg,https://i.etsystatic.com/63847702/r/il/1b85fa/7625252063/il_fullxfull.7625252063_2mey.jpg,https://i.etsystatic.com/63847702/r/il/611526/7577306692/il_fullxfull.7577306692_9lb6.jpg,https://i.etsystatic.com/63847702/r/il/865d54/7625254535/il_fullxfull.7625254535_fbhn.jpg,https://i.etsystatic.com/63847702/r/il/ab5837/7625256325/il_fullxfull.7625256325_t5lg.jpg,https://i.etsystatic.com/63847702/r/il/d2d797/7625257821/il_fullxfull.7625257821_aiqe.jpg,https://i.etsystatic.com/63847702/r/il/09338e/7625258899/il_fullxfull.7625258899_qvo7.jpg,https://i.etsystatic.com/63847702/r/il/2ab2f8/7577313542/il_fullxfull.7577313542_6beo.jpg,https://i.etsystatic.com/63847702/r/il/c7ff6e/7577289112/il_fullxfull.7577289112_3oid.jpg,https://i.etsystatic.com/63847702/r/il/de5825/7577289938/il_fullxfull.7577289938_3va9.jpg,"Custom Property","Mug color","Black,Navy,Pink,Red,Light Blue,Orange,Purple,Yellow",,,,"28802365069837764399,37000714292633644237,11430921370413496759,45853411412638932399,31723138700183719738,24687128108428827980,12974931317685587449,30540629080632413415"
"Fishing Keeps Me Out of Trouble Mostly | Funny Angler Stainless Steel Water Bottle With Lid | Fishing Humor Gift","Stay hydrated and keep your sense of humour intact with this funny fishing-themed stainless steel water bottle. Featuring the playful line “Fishing keeps me out of trouble. Mostly.” with a minimalist line-drawn fish on hook design, this bottle is a subtle nod to anyone who knows that fishing is not just a hobby, it is a lifestyle choice.

Made from durable double-wall stainless steel, this bottle keeps drinks cold for up to 24 hours or hot for up to 12 hours, making it ideal for long days on the bank, early morning starts, road trips, workdays, or everyday use. The clean black line art works perfectly on the white bottle finish, keeping the design sharp and easy to read.

A great gift for anglers, fishermen, fishing dads, weekend fishers, or anyone who would rather be by the water than anywhere else.

Product details

• Double-wall stainless steel water bottle
• Keeps drinks cold for 24 hours or hot for 12 hours
• BPA-free with twist-on lid
• Available sizes: 12oz, 18oz, and 32oz
• Lightweight and durable for daily use
• Printed design with no white ink areas

Please note: Design placement may vary slightly due to the wrap print process, and a faint seam line may be visible.

EU representative: HONSON VENTURES LIMITED, gpsr@honsonventures.com, 3, Gnaftis House flat 102, Limassol, Mesa Geitonia, 4003, CY
Product information: Generic brand, 2 year warranty in EU and Northern Ireland as per Directive 1999/44/EC
Warnings, Hazard: For adults, Made in South Korea
Care instructions: Hand wash only",38.05,GBP,999,"fishing_water_bottle,angler_gift,fishing_humor,funny_fishing,fisherman_gift,outdoor_bottle,fishing_quote,angling_life,fish_lover_gift,camping_bottle,dad_fishing_gift,lake_life_gear,weekend_angler","Stainless steel,Polypropylene",https://i.etsystatic.com/63847702/r/il/333fd6/7577244830/il_fullxfull.7577244830_bzx1.jpg,https://i.etsystatic.com/63847702/r/il/612556/7625192551/il_fullxfull.7625192551_mcdq.jpg,https://i.etsystatic.com/63847702/r/il/8f2182/7625192983/il_fullxfull.7625192983_9so2.jpg,https://i.etsystatic.com/63847702/r/il/a7440d/7625193473/il_fullxfull.7625193473_n9dh.jpg,https://i.etsystatic.com/63847702/r/il/d174ee/7625194051/il_fullxfull.7625194051_ny6b.jpg,https://i.etsystatic.com/63847702/r/il/d4f3a0/7577248336/il_fullxfull.7577248336_ffaq.jpg,https://i.etsystatic.com/63847702/r/il/217777/7577249322/il_fullxfull.7577249322_m7fi.jpg,,,,,,,,,,27771228521822552139
"Anglers Funny Ceramic Coffee Cups, 11oz, 15oz","It's all about the custom design when you sell ceramic coffee cups. Create a beautiful, original design, and we'll print them on these cups in picture-perfect quality. Thanks to the lead and BPA-free white ceramic with a glossy finish, they'll serve a sleek and polished look. They come in two sizes – 11oz (0.33 l) and 15oz (0.44 l) – perfect for that strong coffee boost in the morning. The C-shaped easy-grip handle helps keep the cup steady even in a rush.
.: Material: White ceramic with a glossy finish
.: Available in two sizes: 11oz (0.33 l) and 15oz (0.44 l)
.: C-shaped easy-grip handle
.: Lead and BPA-free

EU representative: HONSON VENTURES LIMITED, gpsr@honsonventures.com, 3, Gnaftis House flat 102, Limassol, Mesa Geitonia, 4003, CY
Product information: ORCA Coatings, 2 year warranty in EU and Northern Ireland as per Directive 1999/44/EC
Warnings, Hazard: For adults, Blank product sourced from China
Care instructions: Clean in dishwasher or wash by hand with warm water and dish soap",7.62,GBP,1998,,,https://i.etsystatic.com/63847702/r/il/2e922a/7622879367/il_fullxfull.7622879367_4tyo.jpg,https://i.etsystatic.com/63847702/r/il/7a1a45/7574933464/il_fullxfull.7574933464_2bw9.jpg,https://i.etsystatic.com/63847702/r/il/11efb9/7622880987/il_fullxfull.7622880987_oloc.jpg,https://i.etsystatic.com/63847702/r/il/85bb3c/7622882053/il_fullxfull.7622882053_nxg0.jpg,https://i.etsystatic.com/63847702/r/il/2e585d/7622882767/il_fullxfull.7622882767_14om.jpg,https://i.etsystatic.com/63847702/r/il/e5b9ef/7622883777/il_fullxfull.7622883777_rw23.jpg,https://i.etsystatic.com/63847702/r/il/498e37/7574938086/il_fullxfull.7574938086_u3af.jpg,https://i.etsystatic.com/63847702/r/il/5e1328/7574938856/il_fullxfull.7574938856_sfb2.jpg,https://i.etsystatic.com/63847702/r/il/7ff5ae/7574941432/il_fullxfull.7574941432_f0bv.jpg,https://i.etsystatic.com/63847702/r/il/8432af/7622890037/il_fullxfull.7622890037_3p4t.jpg,"Custom Property",Sizes,"11oz,15oz",,,,"98114988480944933784,30849680973387225308"
"Funny Sarcastic Coffee Mug | Absence Makes the Heart Grow Fonder, 11oz Ceramic","Sometimes the classics deserve a modern delivery.

This white ceramic mug features the dry humour phrase
“Absence Makes the Heart Grow Fonder. Just Saying!”
A playful but slightly sharp take on relationships, personal space, and the value of a little peace and quiet.

Perfect for those who enjoy understated sarcasm rather than loud novelty jokes, this mug works equally well as a tongue in cheek Valentine’s gift, an anniversary present, or an everyday reminder that distance really can make the heart grow fonder.

Printed on a brilliant white 11oz ceramic mug with a durable AAA plus ORCA coating, the design remains crisp and clear through daily use. Ideal for coffee, tea, or quietly enjoying a moment alone.

A great gift for partners, spouses, grumpy romantics, introverts, or anyone with a dry sense of humour.

Product details
• White ceramic mug
• 11 oz capacity
• Comfortable C handle
• AAA plus ORCA coating for long lasting print
• Microwave safe
• Dishwasher safe up to 3000 cycles

EU representative: HONSON VENTURES LIMITED, gpsr@honsonventures.com, 3, Gnaftis House flat 102, Limassol, Mesa Geitonia, 4003, CY
Product information: ORCA Coatings, 2 year warranty in EU and Northern Ireland as per Directive 1999/44/EC
Care instructions: Clean in dishwasher or wash by hand with warm water and dish soap",7.27,GBP,999,"sarcastic_mug,grumpy_humor_mug,dry_wit_mug,funny_coffee_mug,introvert_gift,couples_gift_idea,anniversary_humor,sarcasm_gift,white_ceramic_mug,funny_saying_mug,adult_humor_gift,old_man_gift",,https://i.etsystatic.com/63847702/r/il/026ca3/7574690410/il_fullxfull.7574690410_r9ot.jpg,https://i.etsystatic.com/63847702/r/il/fe5562/7574686530/il_fullxfull.7574686530_q0us.jpg,https://i.etsystatic.com/63847702/r/il/4acb68/7574684266/il_fullxfull.7574684266_9s60.jpg,https://i.etsystatic.com/63847702/r/il/dd157b/7622635243/il_fullxfull.7622635243_lxfs.jpg,,,,,,,,,,,,,86735721364702126996
"Powered by Artificial Intelligence T-Shirt | Minimalist Tech Humor Tee","Some people just operate on a different level.

This minimalist tech humour t shirt features the phrase Powered by Artificial Intelligence, presented in a clean, understated layout that lets the joke land without shouting. It is a dry nod to problem solvers, quiet overthinkers, and those who always seem to have the answer ready before the question is finished.

Designed to be wearable rather than novelty, this tee works just as well in the office, at home, or out and about. The simple statement style keeps it versatile, making it an easy go to for everyday wear or a subtle gift for someone with a sharp mind and a dry sense of humour.

Printed on a soft, lightweight unisex t shirt, it is comfortable enough for daily use while holding its shape and clarity wash after wash.

A great gift for tech workers, developers, engineers, office professionals, or anyone who appreciates understated sarcasm and modern humour.

Product details

• Unisex classic fit t shirt
• Lightweight and breathable fabric
• Soft feel with reinforced shoulders for durability
• Ribbed knit collar designed to keep its shape
• Tear away label for comfort
• Ethically produced and OEKO TEX certified

Please note that the white colour variant may appear slightly off white due to fabric properties.

EU representative: HONSON VENTURES LIMITED, gpsr@honsonventures.com, 3, Gnaftis House flat 102, Limassol, Mesa Geitonia, 4003, CY
Product information: Gildan 64000, 2 year warranty in EU and Northern Ireland as per Directive 1999/44/EC
Warnings, Hazard: For adults, Made in Bangladesh
Care instructions: Machine wash: cold (max 30C or 90F), with similar colors , Do not bleach, Tumble dry: low heat, Iron, steam or dry: low heat, Do not dryclean",13.33,GBP,25974,"artificial_intel,tech_humor_shirt,funny_geek_tee,minimalist_t_shirt,office_humor_tee,programmer_shirt,nerd_t_shirt,sarcastic_tee,unisex_tech_tee,gift_for_him,gift_for_her,modern_humor_tee",,https://i.etsystatic.com/63847702/r/il/59b125/7946102415/il_fullxfull.7946102415_c8vl.jpg,https://i.etsystatic.com/63847702/r/il/ff80ae/7945950209/il_fullxfull.7945950209_8f08.jpg,https://i.etsystatic.com/63847702/r/il/0c7c49/7897990498/il_fullxfull.7897990498_l0fn.jpg,https://i.etsystatic.com/63847702/r/il/3354a0/7897991910/il_fullxfull.7897991910_arfe.jpg,https://i.etsystatic.com/63847702/r/il/0c7532/7945952527/il_fullxfull.7945952527_skuc.jpg,https://i.etsystatic.com/63847702/r/il/52091e/7897992668/il_fullxfull.7897992668_98oq.jpg,https://i.etsystatic.com/63847702/r/il/f3f5d0/7897993344/il_fullxfull.7897993344_qwpm.jpg,https://i.etsystatic.com/63847702/r/il/18d327/7897993692/il_fullxfull.7897993692_9z5j.jpg,,,"Custom Property",Colors,"Royal,Sport Grey,White,Military Green,Natural","Custom Property",Sizes,"S,M,L,XL,2XL,3XL","19072821388565658669,19839377184838690465,unavailable_sku,64015420136334600869,23121019906643756859,15921827905997167655,33034254544324197127,10339167223851016084,30013114602731583494,19019071611193490737,28946240698205772191,71237999633580249404,85300580307629010587,19577671504614197199,16504174587001760187,29512534532471950518,21609263219964357749,15140183747712990362,57879317846081416502,29211404971128618842,20288676764045248852,28576073664211055868,86345823892444723893,63107676933392636793,11129733490784771175,55751826412143893553,18863338055161625530"
"AI Powered Coffee Mug | Funny Tech Humor, Sarcastic Gift","Some people run on coffee.
Others are clearly Powered by Artificial Intelligence.
This minimalist tech humor mug is designed for anyone who seems to know everything, solve problems effortlessly, or quietly run the household, office, or relationship like a perfectly tuned system. Subtle, dry, and confident, the design works as a knowing joke rather than a loud punchline.
Printed on a high quality white ceramic mug, the clean typography stays sharp and readable, making it ideal for daily coffee, tea, or desk use. Whether it is for a partner, colleague, or yourself, it is a simple way to add personality to a routine caffeine moment.
It also works well as a light hearted gift for Valentine’s Day, anniversaries, birthdays, or office Secret Santa exchanges, without needing names or gender specific wording.

Product details

White ceramic mug with glossy finish
11oz capacity (0.33 l)
Comfortable C handle
AAA plus ORCA coating for crisp, long lasting print
Microwave safe
Dishwasher safe, tested up to 3000 wash cycles
Please note that colours may vary slightly depending on screen settings.

EU representative: HONSON VENTURES LIMITED, gpsr@honsonventures.com, 3, Gnaftis House flat 102, Limassol, Mesa Geitonia, 4003, CY
Product information: ORCA Coatings, 2 year warranty in EU and Northern Ireland as per Directive 1999/44/EC
Care instructions: Clean in dishwasher or wash by hand with warm water and dish soap",7.27,GBP,999,"artificial_intel,tech_humor_mug,funny_coffee_mug,office_humor,geek_mug,sarcastic_mug,minimalist_mug,programmer_gift,nerd_coffee_cup,valentines_mug,gift_for_partner,desk_mug",,https://i.etsystatic.com/63847702/r/il/be532a/7574468538/il_fullxfull.7574468538_mkay.jpg,https://i.etsystatic.com/63847702/r/il/52e8db/7574474342/il_fullxfull.7574474342_kyaq.jpg,https://i.etsystatic.com/63847702/r/il/68f6f8/7622420591/il_fullxfull.7622420591_d5e1.jpg,https://i.etsystatic.com/63847702/r/il/fbb8ff/7622417505/il_fullxfull.7622417505_6np5.jpg,https://i.etsystatic.com/63847702/r/il/d7061d/7574471588/il_fullxfull.7574471588_9j32.jpg,,,,,,,,,,,,26512438418393222203
"System Unresponsive Mug | Retro Computer Error Humor Coffee Cup | Funny Tech Office Mug | Old Computer Aesthetic Gift","Sometimes the system just needs a moment.

This retro inspired System Unresponsive mug features a classic old computer error message, instantly recognisable to anyone who has spent time around technology, offices, or unfinished tasks. It is a tongue in cheek nod to slow mornings, long meetings, and days when restarting feels like the best option.

The design leans into an off white, vintage screen look paired with bold, readable text. It feels intentionally nostalgic rather than novelty, making it a subtle but funny desk companion rather than a loud gag gift.

Perfect for coffee, tea, or that first cup you stare into while deciding whether today is a restart day.

A great gift for tech workers, developers, IT support, office staff, retro computer fans, or anyone with a dry sense of humour.

Product details

• White ceramic mug with glossy finish
• 11oz capacity
• Comfortable C handle
• AAA+ ORCA coating for crisp, long lasting prints
• Microwave safe
• Dishwasher safe, tested up to 3000 cycles

This mug pairs well with notebooks and journals from the same collection, making it an easy desk gift or work from home upgrade.

EU representative: HONSON VENTURES LIMITED, gpsr@honsonventures.com, 3, Gnaftis House flat 102, Limassol, Mesa Geitonia, 4003, CY
Product information: ORCA Coatings, 2 year warranty in EU and Northern Ireland as per Directive 1999/44/EC
Care instructions: Clean in dishwasher or wash by hand with warm water and dish soap",9.23,GBP,999,"system_unresponsive,tech_humor_mug,retro_computer_mug,funny_office_mug,error_message_mug,nerd_coffee_mug,programmer_gift,IT_worker_gift,office_desk_mug",Ceramic,https://i.etsystatic.com/63847702/r/il/8b97c2/7621685775/il_fullxfull.7621685775_ba5f.jpg,https://i.etsystatic.com/63847702/r/il/d29ef9/7621687139/il_fullxfull.7621687139_l818.jpg,https://i.etsystatic.com/63847702/r/il/890d4e/7573733932/il_fullxfull.7573733932_6428.jpg,https://i.etsystatic.com/63847702/r/il/98c6d5/7621688467/il_fullxfull.7621688467_5vt8.jpg,,,,,,,,,,,,,35099419305848409486
"System Unresponsive Notebook | Retro Tech Humor A5 Wirebound Journal","Sometimes your brain needs a restart too.

This A5 wirebound notebook features a retro inspired computer system message reading “System Unresponsive. Please Try Later” a familiar moment for anyone who works with technology, deadlines, or unfinished thoughts. It is a subtle, tongue in cheek nod to modern life, classic computing, and those days when productivity simply refuses to load.

Designed for everyday use, this notebook is ideal for work notes, study sessions, journaling, planning, or capturing half formed ideas that will definitely be revisited later. The clean retro aesthetic keeps it funny without being loud, making it suitable for desks, meetings, classrooms, and home offices.

The gloss laminated softcover gives a smooth, durable finish, while the wire binding allows the notebook to open flat for comfortable writing. With 150 lined pages, there is plenty of space for notes, lists, plans, and moments of organised chaos.

A great gift for developers, IT professionals, office workers, students, creatives, procrastinators, and anyone who appreciates understated tech humour.

Product details

• A5 wirebound softcover notebook
• Gloss laminated 280 gsm paper front cover
• 90 gsm lined interior pages
• 150 pages total (75 sheets)
• Black wire-o binding for flat opening
• White back cover
• Printed front cover design
• Paper sourced from Austria

Please note
• A small barcode is printed on the inner side of the front cover

EU representative: HONSON VENTURES LIMITED, gpsr@honsonventures.com, 3, Gnaftis House flat 102, Limassol, Mesa Geitonia, 4003, CY
Product information: Generic brand, 2 year warranty in EU and Northern Ireland as per Directive 1999/44/EC
Care instructions: Use a soft, clean and dry cloth to gently brush any dust or dirt off from the center of book outwards.",11.37,GBP,999,"system_unresponsive,tech_humor_notebook,office_notebook,retro_computer_art,programmer_gift,developer_notebook,work_humor_gift,office_desk_notebook,IT_gift_idea,minimalist_humor,vintage_computer,sarcastic_notebook,funny_journal",,https://i.etsystatic.com/63847702/r/il/c32b89/7621537161/il_fullxfull.7621537161_9423.jpg,https://i.etsystatic.com/63847702/r/il/d457b3/7621538891/il_fullxfull.7621538891_hpyo.jpg,https://i.etsystatic.com/63847702/r/il/524e7a/7573590314/il_fullxfull.7573590314_8aj4.jpg,https://i.etsystatic.com/63847702/r/il/8c2e11/7621540225/il_fullxfull.7621540225_5s56.jpg,https://i.etsystatic.com/63847702/r/il/fb4960/7621541209/il_fullxfull.7621541209_47n4.jpg,https://i.etsystatic.com/63847702/r/il/904aa8/7573593604/il_fullxfull.7573593604_25lm.jpg,,,,,,,,,,,99393808583002407629
"System Unresponsive Mug Tech Humor System Message Funny Coffee Cup","Some mornings respond slower than others.

This black ceramic mug features the System Unresponsive message, styled like a familiar computer notification. Minimal, understated, and quietly relatable, it delivers dry tech humour without being loud or gimmicky.

The high contrast design stands out cleanly against the glossy black ceramic, making it an ideal desk mug for work, home offices, or anyone who appreciates subtle jokes rooted in everyday digital life. It works equally well as a personal favourite or a thoughtful gift for colleagues, tech workers, or coffee drinkers who need a moment before responding.

Available in both 11oz and 15oz sizes, this mug is durable, microwave safe, and dishwasher safe, designed for daily use without fuss.

A perfect companion to the Critical Update Required and Restart Required designs in your System Status collection.

Product details

• Black ceramic mug with glossy finish
• Available in 11oz and 15oz sizes
• High quality sublimation printing
• Comfortable C shaped handle
• Microwave and dishwasher safe
• Lead and BPA free
• Suitable for coffee, tea, or hot chocolate

Please note there may be a slight variation between the black mug colour and the printed black tones due to material properties.

Etsy Tags

All tags are 20 characters or fewer.

system unresponsive
tech humor mug
computer joke
office mug
it humor
dry humor
retro tech
geek gift
work mug
system message
coffee mug

Quiet strategy tip

This mug will perform best when:
• Listed alongside Critical Update Required
• Cross linked in descriptions as part of a System Status set
• Shown in desk or office mockups rather than lifestyle kitchen shots

If you want next, I can:
• Write the hoodie version copy
• Create a short System Status collection description for your shop
• Help you decide pricing tiers across mugs, tees, and sweatshirts
• Identify which phrases should remain mug exclusive

You are building a very consistent and recognisable product line now.

Research the best black ceramic mugs
Spend a few minutes for better results

EU representative: HONSON VENTURES LIMITED, gpsr@honsonventures.com, 3, Gnaftis House flat 102, Limassol, Mesa Geitonia, 4003, CY
Product information: Generic brand, 2 year warranty in EU and Northern Ireland as per Directive 1999/44/EC
Warnings, Hazard: Made in China, For adults
Care instructions: Clean in dishwasher (put the product on top rack), or wash  by hand with warm water and dish soap",18.22,GBP,1998,"system_unresponsive,tech_humor_mug,computer_joke,office_mug,IT_humor,dry_humor,retro_tech,geek_gift,work_mug,system_message,coffee_mug",Ceramic,https://i.etsystatic.com/63847702/r/il/515f45/7570985652/il_fullxfull.7570985652_h7s4.jpg,https://i.etsystatic.com/63847702/r/il/41e12f/7571002206/il_fullxfull.7571002206_g9lu.jpg,https://i.etsystatic.com/63847702/r/il/99017e/7570998240/il_fullxfull.7570998240_74it.jpg,https://i.etsystatic.com/63847702/r/il/911252/7618946413/il_fullxfull.7618946413_t2hb.jpg,https://i.etsystatic.com/63847702/r/il/2fcea7/7570983848/il_fullxfull.7570983848_q54j.jpg,https://i.etsystatic.com/63847702/r/il/540f13/7570989004/il_fullxfull.7570989004_9xbx.jpg,https://i.etsystatic.com/63847702/r/il/ade95d/7618941547/il_fullxfull.7618941547_pijj.jpg,https://i.etsystatic.com/63847702/r/il/de8ca5/7618943869/il_fullxfull.7618943869_kub8.jpg,https://i.etsystatic.com/63847702/r/il/054afd/7618948905/il_fullxfull.7618948905_ih40.jpg,https://i.etsystatic.com/63847702/r/il/4b7150/7618950113/il_fullxfull.7618950113_gotb.jpg,"Custom Property",Sizes,"11oz,15oz",,,,"24626890658890559647,32003906320238415502"
"Critical Update Required T Shirt System Message Tech Humor Unisex Tee","Some updates cannot be postponed.

This unisex T shirt features the Critical Update Required system message design, presented in a clean notification style inspired by familiar computer alerts. Calm, official, and slightly ominous, the humour comes from how closely it mirrors real system messages while quietly reflecting everyday life, work, or general burnout.

The boxed layout and high contrast print make this design easy to read without being loud. It is subtle enough for daily wear, yet instantly recognisable to anyone who has ever ignored an update one too many times.

Printed on the Bella Canvas 3001, this tee offers a soft feel, lightweight comfort, and a modern retail fit. It works well on its own or layered, making it suitable for casual wear, office settings, or relaxed weekends.

A strong choice for tech workers, IT professionals, office humour fans, and anyone who appreciates dry, understated jokes.

Product details

• Unisex short sleeve T shirt
• Soft Airlume combed and ring spun cotton
• Lightweight and breathable fabric
• Modern retail fit with crew neckline
• Ribbed collar designed to hold shape
• Dual side seams for durability
• Tear away label for comfort
• Made using ethical and sustainable practices

Please note that fabric blends vary by colour. White may appear slightly off white due to material properties.

EU representative: HONSON VENTURES LIMITED, gpsr@honsonventures.com, 3, Gnaftis House flat 102, Limassol, Mesa Geitonia, 4003, CY
Product information: Bella+Canvas 3001, 2 year warranty in EU and Northern Ireland as per Directive 1999/44/EC
Warnings, Hazard: For adults, Blank product sourced from Honduras
Care instructions: Machine wash: cold (max 30C or 90F), Non-chlorine: bleach as needed, Tumble dry: low heat, Iron, steam or dry: medium heat, Do not dryclean",17.19,GBP,62937,"critical_update,system_message,tech_humor,tee_funny,t_shirt,retro_tech,IT_humor,office_humor,computer_joke,geek_gift,dry_humor",,https://i.etsystatic.com/63847702/r/il/16f5e4/7618843729/il_fullxfull.7618843729_pjpy.jpg,https://i.etsystatic.com/63847702/r/il/bbae32/7618787401/il_fullxfull.7618787401_n59o.jpg,https://i.etsystatic.com/63847702/r/il/373d40/7570826574/il_fullxfull.7570826574_2aed.jpg,https://i.etsystatic.com/63847702/r/il/69a3d5/7618777565/il_fullxfull.7618777565_d653.jpg,https://i.etsystatic.com/63847702/r/il/776bca/7570829966/il_fullxfull.7570829966_m16m.jpg,https://i.etsystatic.com/63847702/r/il/24f989/7618783029/il_fullxfull.7618783029_i909.jpg,https://i.etsystatic.com/63847702/r/il/6f47c4/7570836168/il_fullxfull.7570836168_if21.jpg,https://i.etsystatic.com/63847702/r/il/39d92e/7570839384/il_fullxfull.7570839384_f0yj.jpg,https://i.etsystatic.com/63847702/r/il/38d391/7570841000/il_fullxfull.7570841000_b0s4.jpg,https://i.etsystatic.com/63847702/r/il/280bba/7618792733/il_fullxfull.7618792733_keai.jpg,"Custom Property","Bella + Canvas Colors","Asphalt,Black,Navy,Red,True Royal,Vintage Black,White,Military Green,Storm,Athletic Heather","Custom Property","Clothing sizes","XS,S,M,L,XL,2XL,3XL,4XL","34936979158045275729,65626640735753785636,45545114349819379799,18384173232778060196,23265021926826821092,13758654798028693747,28079913868782090053,76459184145945881384,20704133099711083317,25984465916719765913,18290010879557639477,15416733134685036761,10374871385499348152,unavailable_sku,29805477495613791881,29696120378472257012,65508401958340787585,26592921508162602459,24804073998645880810,20413920928422099715,80630028104398642538,58043117576528503106,13509083793010286548,60671307712497973396,27450146935685717207,31730032677299552206,20965685907656795434,22909011814004062896,43614906647236554794,14679148854297193851,35515215260710666800,12823516425797063862,15987874697899051232,33242420350196931726,11686278576823597349,62852970113960174087,38353682718637821704,24882216901583607118,27813746405683956466,39191205027675935016,10337683141651661443,14079884095182541557,22748838096264142109,12575762696830810631,11447513463560039743,23386459014365376253,26010534514532045000,32993226092998614244,19852375913069292805,34408992625891161805,22224967275082123321,32660008659994971946,21323124724015109937,15827578157856217528,93708799966960173090,21124580523906854112,14248209571038851871,70377971917449063891,18357851530934727935,88096264200232023665,21023085891111143937,19344967547704477106,82099662093177335389,10656727908873983780"
"Legacy Hardware Sweatshirt Retro Tech Humor Funny Computer Joke Unisex Crewneck","Some things are no longer current. They still work.

This unisex midweight crewneck sweatshirt features the Legacy Hardware design, a minimalist floppy disk graphic paired with understated tech humour. It is dry, subtle, and intentionally uncomplicated, designed for people who appreciate old systems, quiet jokes, and reliable comfort.

The design sits cleanly on the chest without shouting, making it suitable for casual workdays, home offices, workshops, or relaxed weekends. It works as both a personal statement and a thoughtful gift for anyone who understands legacy systems and their quirks.

Made using the Gildan SF000 Softstyle Fleece, this sweatshirt combines a soft brushed interior with a smooth cotton face that holds prints cleanly and comfortably.

Product features

• Unisex midweight fleece crewneck
• Soft brushed interior for warmth and comfort
• 100% ring spun cotton face for smooth printing
• Relaxed fit with dropped shoulders
• Medium heavy fabric suitable for year round wear
• Tear away label for added comfort
• Made with Better Cotton and OEKO TEX certified dyes

Please note white fabric may appear slightly off white due to material properties.

EU representative: HONSON VENTURES LIMITED, gpsr@honsonventures.com, 3, Gnaftis House flat 102, Limassol, Mesa Geitonia, 4003, CY
Product information: Gildan SF000, 2 year warranty in EU and Northern Ireland as per Directive 1999/44/EC
Warnings, Hazard: For adults, Made in Bangladesh
Care instructions: Machine wash: cold (max 30C or 90F), Non-chlorine: bleach as needed, Tumble dry: low heat, Iron, steam or dry: low heat, Do not dryclean",45.13,GBP,55944,"legacy_hardware,tech_humor,retro_computer,funny_sweatshirt,geek_gift,IT_humor,old_tech,dry_humor,computer_joke,retro_tech,office_wear","Cotton,Polyester",https://i.etsystatic.com/63847702/r/il/406539/7570623966/il_fullxfull.7570623966_9hto.jpg,https://i.etsystatic.com/63847702/r/il/e89820/7618564313/il_fullxfull.7618564313_mhfl.jpg,https://i.etsystatic.com/63847702/r/il/3b10a6/7570617228/il_fullxfull.7570617228_htwj.jpg,https://i.etsystatic.com/63847702/r/il/197c71/7618566179/il_fullxfull.7618566179_5vpy.jpg,https://i.etsystatic.com/63847702/r/il/76b9cb/7618571011/il_fullxfull.7618571011_m1fk.jpg,https://i.etsystatic.com/63847702/r/il/68a127/7618567019/il_fullxfull.7618567019_o1tx.jpg,https://i.etsystatic.com/63847702/r/il/d352c3/7570619832/il_fullxfull.7570619832_8zp1.jpg,https://i.etsystatic.com/63847702/r/il/8557a5/7618568537/il_fullxfull.7618568537_mhq7.jpg,https://i.etsystatic.com/63847702/r/il/b699d9/7618569391/il_fullxfull.7618569391_en6b.jpg,https://i.etsystatic.com/63847702/r/il/1ccbb0/7618570453/il_fullxfull.7618570453_c8t2.jpg,"Custom Property",Colors,"Charcoal,Dark Heather,Sand,White,Sport Grey,Military Green,Stone Blue,Paragon","Custom Property",Sizes,"S,M,L,XL,2XL,3XL,4XL","15647330106407304310,61281976993192211918,93465641315210402279,11803384569449908018,26035019386553496041,33541536653186043997,59786980776074397100,33070188464889331127,32865771559556023090,21917493313084506046,33464871754921315900,55565566719229378623,97354425751694987398,22851735353815676626,20311479417469493544,32215087555182437525,33362049321931055011,20304750775538651937,21696598563760110096,62671720096458278389,12130188260768612692,27204217704601182590,17008034638970493190,58739763082694246875,10948165426396971865,95395242872106977898,30436393285392861107,64185081676781565921,21246765837945290440,12438494191635258248,11029704337858560345,92861993857335540558,23406877518799336085,25051747597957263962,19350002198068974805,26301136182998171320,54723338820804941804,24885872554383988778,37989989458700925717,23181419122916848606,92262640978640917833,13412883211529059872,88772624289897595559,32149122329907287906,23435741675583556196,19022909918683675553,18836637856536761732,23713836763015817846,28687620576672900360,19869568360122068968,16117059807930495366,18225088358274176659,74389072696217952511,27960201652608803927,20671030083924132800,22750353403838789852"
